City,Date,Valid_AQI,Anomaly,Anomaly_Score,Is_Anomaly
Amaravati,2020-01-01,96.0,1,0.18688511998013618,False
Amaravati,2020-01-02,82.0,1,0.20178467807092776,False
Amaravati,2020-01-03,76.0,1,0.1915212610181517,False
Amaravati,2020-01-04,47.0,1,0.19433645230313235,False
Amaravati,2020-01-05,55.0,1,0.2238804351400866,False
Amaravati,2020-01-06,66.0,1,0.19389035060150667,False
Amaravati,2020-01-07,109.0,1,0.1748835945166336,False
Amaravati,2020-01-08,103.0,1,0.19191886747691,False
Amaravati,2020-01-09,78.0,1,0.22898656423414093,False
Amaravati,2020-01-10,70.0,1,0.20090014153387953,False
Amaravati,2020-01-11,110.0,1,0.19419823567947925,False
Amaravati,2020-01-12,147.0,1,0.1478979479980878,False
Amaravati,2020-01-13,177.0,1,0.09460852992992108,False
Amaravati,2020-01-14,168.0,1,0.15628197191848614,False
Amaravati,2020-01-15,163.0,1,0.15807025553217935,False
Amaravati,2020-01-16,108.0,1,0.19467864830911552,False
Amaravati,2020-01-17,82.0,1,0.21900127671848896,False
Amaravati,2020-01-18,60.0,1,0.2289311592420049,False
Amaravati,2020-01-19,58.0,1,0.21834391290616434,False
Amaravati,2020-01-20,62.0,1,0.23769314881652653,False
Amaravati,2020-01-21,63.0,1,0.23826492728146348,False
Amaravati,2020-01-22,63.0,1,0.2277781808640323,False
Amaravati,2020-01-23,87.0,1,0.206520122275604,False
Amaravati,2020-01-24,101.0,1,0.1784539928327457,False
Amaravati,2020-01-25,98.0,1,0.1972657799524452,False
Amaravati,2020-01-26,77.0,1,0.215716746300178,False
Amaravati,2020-01-27,74.0,1,0.21687919088779933,False
Amaravati,2020-01-28,65.0,1,0.20865452660062517,False
Amaravati,2020-01-29,59.0,1,0.23354620736469422,False
Amaravati,2020-01-30,59.0,1,0.2309383759094727,False
Amaravati,2020-01-31,66.0,1,0.22144637703046294,False
Amaravati,2020-02-01,52.0,1,0.21463566723707767,False
Amaravati,2020-02-02,47.0,1,0.22890925777509186,False
Amaravati,2020-02-03,48.0,1,0.22500449785763932,False
Amaravati,2020-02-04,54.0,1,0.22919095446835808,False
Amaravati,2020-02-05,54.0,1,0.2052104545032412,False
Amaravati,2020-02-06,47.0,1,0.22834050127868305,False
Amaravati,2020-02-07,44.0,1,0.20130007646344955,False
Amaravati,2020-02-08,45.0,1,0.18038434395581726,False
Amaravati,2020-02-09,51.0,1,0.2120357163056969,False
Amaravati,2020-02-10,65.0,1,0.2061550927776573,False
Amaravati,2020-02-11,70.0,1,0.19029824863991868,False
Amaravati,2020-02-12,86.0,1,0.18213267727299892,False
Amaravati,2020-02-13,110.0,1,0.12325910361807124,False
Amaravati,2020-02-14,87.0,1,0.1882955501209519,False
Amaravati,2020-02-15,103.0,1,0.14664514156073494,False
Amaravati,2020-02-16,88.0,1,0.22634601507957847,False
Amaravati,2020-02-17,66.0,1,0.20870516019396723,False
Amaravati,2020-02-18,66.0,1,0.2035932906711556,False
Amaravati,2020-02-19,65.0,1,0.20929233041775103,False
Amaravati,2020-02-20,77.0,1,0.1954462871835554,False
Amaravati,2020-02-21,74.0,1,0.2250877801045929,False
Amaravati,2020-02-22,60.0,1,0.20678882118947833,False
Amaravati,2020-02-23,82.0,1,0.23212318450582925,False
Amaravati,2020-02-24,68.0,1,0.2133301052909975,False
Amaravati,2020-02-25,53.0,1,0.21857662504840397,False
Amaravati,2020-02-26,78.0,1,0.2095506311144847,False
Amaravati,2020-02-27,73.0,1,0.18346756174333073,False
Amaravati,2020-02-28,68.0,1,0.17494432183590608,False
Amaravati,2020-02-29,65.0,1,0.19431793445621925,False
Amaravati,2020-03-01,67.0,1,0.18532253370628032,False
Amaravati,2020-03-02,67.0,1,0.1665326114163786,False
Amaravati,2020-03-03,70.0,1,0.18418867993878069,False
Amaravati,2020-03-04,66.0,1,0.21787453826104114,False
Amaravati,2020-03-05,47.0,1,0.19971232304127862,False
Amaravati,2020-03-06,36.0,1,0.18121773061805563,False
Amaravati,2020-03-07,35.0,1,0.19740551004366957,False
Amaravati,2020-03-08,35.0,1,0.10923667628622291,False
Amaravati,2020-03-09,42.0,1,0.17982835550623927,False
Amaravati,2020-03-10,35.0,1,0.13632633548216155,False
Amaravati,2020-03-11,35.0,1,0.14548306459770077,False
Amaravati,2020-03-12,38.0,1,0.18435275014384161,False
Amaravati,2020-03-13,35.0,1,0.19420246588285717,False
Amaravati,2020-03-14,48.0,1,0.18195868617138206,False
Amaravati,2020-03-15,48.0,1,0.1800666251107335,False
Amaravati,2020-03-16,48.0,1,0.2010129773360263,False
Amaravati,2020-03-17,54.0,1,0.2000842829927691,False
Amaravati,2020-03-18,48.0,1,0.21834467858401235,False
Amaravati,2020-03-19,51.0,1,0.19768294339605352,False
Amaravati,2020-03-20,43.0,1,0.15153789069136547,False
Amaravati,2020-03-21,37.0,1,0.15053714977602478,False
Amaravati,2020-03-22,39.0,1,0.14914739378858655,False
Amaravati,2020-03-23,51.0,1,0.1566895105973966,False
Amaravati,2020-03-24,47.0,1,0.17060905060097342,False
Amaravati,2020-03-25,101.0,1,0.09117092367717572,False
Amaravati,2020-03-26,108.0,1,0.16670127080007657,False
Amaravati,2020-03-27,52.0,1,0.1363730285235355,False
Amaravati,2020-03-28,61.0,1,0.13732814387375541,False
Amaravati,2020-03-29,58.0,1,0.1792378186688537,False
Amaravati,2020-03-30,58.0,1,0.15114002869372928,False
Amaravati,2020-03-31,69.0,1,0.1449276101752307,False
Amaravati,2020-04-01,69.0,1,0.13472021885186436,False
Amaravati,2020-04-02,59.0,1,0.1804226960190085,False
Amaravati,2020-04-03,59.0,1,0.1174882384796535,False
Amaravati,2020-04-04,55.0,1,0.17498460694981466,False
Amaravati,2020-04-05,51.0,1,0.17914816083248403,False
Amaravati,2020-04-06,39.0,1,0.1464548744391635,False
Amaravati,2020-04-07,30.0,1,0.14025287525391628,False
Amaravati,2020-04-08,38.0,1,0.16181380661977618,False
Amaravati,2020-04-09,52.0,1,0.15052933400765534,False
Amaravati,2020-04-10,53.0,1,0.16498931533211253,False
Amaravati,2020-04-11,42.0,1,0.15053866181019776,False
Amaravati,2020-04-12,44.0,1,0.15885064470204552,False
Amaravati,2020-04-13,47.0,1,0.15903922381513397,False
Amaravati,2020-04-14,50.0,1,0.16225323011438197,False
Amaravati,2020-04-15,51.0,1,0.16033909864123408,False
Amaravati,2020-04-16,43.0,1,0.1543472809439893,False
Amaravati,2020-04-17,40.0,1,0.15758776060769702,False
Amaravati,2020-04-18,41.0,1,0.17303210410692244,False
Amaravati,2020-04-19,35.0,1,0.1664350953359069,False
Amaravati,2020-04-20,30.0,1,0.14624689506954175,False
Amaravati,2020-04-21,26.0,1,0.14008285470099335,False
Amaravati,2020-04-22,26.0,1,0.12031462020604355,False
Amaravati,2020-04-23,30.0,1,0.13621335556175235,False
Amaravati,2020-04-24,31.0,1,0.13789309525759458,False
Amaravati,2020-04-25,43.0,1,0.1546750209038002,False
Amaravati,2020-04-26,56.0,1,0.1527892862977942,False
Amaravati,2020-04-27,52.0,1,0.16383476513713274,False
Amaravati,2020-04-28,41.0,1,0.15593721862747717,False
Amaravati,2020-04-29,43.0,1,0.16188163523016885,False
Amaravati,2020-04-30,56.0,1,0.14012983042851762,False
Amaravati,2020-05-01,51.0,1,0.20098554024368886,False
Amaravati,2020-05-02,60.0,1,0.20798846906143503,False
Amaravati,2020-05-03,52.0,1,0.20213076996506613,False
Amaravati,2020-05-04,55.0,1,0.20592617500906224,False
Amaravati,2020-05-05,58.0,1,0.13644436392044812,False
Amaravati,2020-05-06,44.0,1,0.1883148402619677,False
Amaravati,2020-05-07,45.0,1,0.19733610039025168,False
Amaravati,2020-05-08,43.0,1,0.20479607723861903,False
Amaravati,2020-05-09,54.0,1,0.2078090748507464,False
Amaravati,2020-05-10,42.0,1,0.19455057798771402,False
Amaravati,2020-05-11,43.0,1,0.19144224398152265,False
Amaravati,2020-05-12,39.0,1,0.19457000851216694,False
Amaravati,2020-05-13,41.0,1,0.19265163438818889,False
Amaravati,2020-05-14,36.0,1,0.170029781120906,False
Amaravati,2020-05-15,39.0,1,0.20317672287278976,False
Amaravati,2020-05-16,41.0,1,0.19389737930493295,False
Amaravati,2020-05-17,48.0,1,0.22533996951797208,False
Amaravati,2020-05-18,55.0,1,0.23690570680364725,False
Amaravati,2020-05-19,77.0,1,0.22855209935449,False
Amaravati,2020-05-20,93.0,1,0.2224132788810922,False
Amaravati,2020-05-21,105.0,1,0.20850709993112804,False
Amaravati,2020-05-22,103.0,1,0.1987679420895057,False
Amaravati,2020-05-23,88.0,1,0.20278323048740676,False
Amaravati,2020-05-24,66.0,1,0.19853993445941936,False
Amaravati,2020-05-25,57.0,1,0.19977596878582593,False
Amaravati,2020-05-26,69.0,1,0.19614290185231104,False
Amaravati,2020-05-27,69.0,1,0.20825046405886127,False
Amaravati,2020-05-28,64.0,1,0.18524173744480027,False
Amaravati,2020-05-29,70.0,1,0.21090691742979362,False
Amaravati,2020-05-30,63.0,1,0.21348044426810964,False
Amaravati,2020-05-31,62.0,1,0.22387869634063978,False
Amaravati,2020-06-01,46.0,1,0.1878170902778311,False
Amaravati,2020-06-02,41.0,1,0.19911552795834908,False
Amaravati,2020-06-03,40.0,1,0.21229830377583814,False
Amaravati,2020-06-04,39.0,1,0.18520576608767808,False
Amaravati,2020-06-05,58.0,1,0.22549996446050707,False
Amaravati,2020-06-06,44.0,1,0.2013070056519043,False
Amaravati,2020-06-07,50.0,1,0.2078567709522658,False
Amaravati,2020-06-08,54.0,1,0.2272641878149868,False
Amaravati,2020-06-09,61.0,1,0.21738043537744567,False
Amaravati,2020-06-10,58.0,1,0.21188463988099354,False
Amaravati,2020-06-11,53.0,1,0.1497162566614959,False
Amaravati,2020-06-12,47.0,1,0.17550378953158446,False
Amaravati,2020-06-13,44.0,1,0.16947204738511712,False
Amaravati,2020-06-14,47.0,1,0.19592702649269844,False
Amaravati,2020-06-15,41.0,1,0.2087395842281854,False
Amaravati,2020-06-16,39.0,1,0.2100663289221778,False
Amaravati,2020-06-17,36.0,1,0.16341948976645054,False
Amaravati,2020-06-18,42.0,1,0.19887046738614583,False
Amaravati,2020-06-19,43.0,1,0.22057498175968565,False
Amaravati,2020-06-20,55.0,1,0.23086844270472406,False
Amaravati,2020-06-21,50.0,1,0.22400500976222337,False
Amaravati,2020-06-22,46.0,1,0.22799241830870176,False
Amaravati,2020-06-23,55.0,1,0.21635726075542283,False
Amaravati,2020-06-24,52.0,1,0.22529042930434823,False
Amaravati,2020-06-25,50.0,1,0.21230792253824016,False
Amaravati,2020-06-26,37.0,1,0.18477662665907646,False
Amaravati,2020-06-27,42.0,1,0.1997477336145601,False
Amaravati,2020-06-28,49.0,1,0.21520497863764448,False
Amaravati,2020-06-29,56.0,1,0.21080115323890197,False
Amaravati,2020-06-30,61.0,1,0.21480052403319305,False
Amritsar,2020-01-01,184.0,1,0.09386542515000684,False
Amritsar,2020-01-02,196.0,1,0.1291551072197047,False
Amritsar,2020-01-03,160.0,1,0.17969797335651627,False
Amritsar,2020-01-04,221.0,1,0.11089440586277621,False
Amritsar,2020-01-05,156.0,1,0.16541885590389066,False
Amritsar,2020-01-06,88.0,1,0.1689152277752542,False
Amritsar,2020-01-07,58.0,1,0.1808612044066908,False
Amritsar,2020-01-08,46.0,1,0.1805175524984513,False
Amritsar,2020-01-09,66.0,1,0.15940785545766284,False
Amritsar,2020-01-10,103.0,1,0.17400729488565875,False
Amritsar,2020-01-11,87.0,1,0.1659028001020017,False
Amritsar,2020-01-12,87.0,1,0.17773443978207426,False
Amritsar,2020-01-13,74.0,1,0.2149357552611612,False
Amritsar,2020-01-14,64.0,1,0.21487373773097795,False
Amritsar,2020-01-15,166.0,1,0.1870203480090042,False
Amritsar,2020-01-16,85.0,1,0.20562048200417687,False
Amritsar,2020-01-17,121.0,1,0.1989901419497695,False
Amritsar,2020-01-18,153.0,1,0.20567823682489456,False
Amritsar,2020-01-19,111.0,1,0.21761306651553697,False
Amritsar,2020-01-20,111.0,1,0.20976913834073496,False
Amritsar,2020-01-21,98.0,1,0.19784151167175945,False
Amritsar,2020-01-22,63.0,1,0.1269398626704638,False
Amritsar,2020-01-23,63.0,1,0.14881059812132558,False
Amritsar,2020-01-24,70.0,1,0.15110122913182022,False
Amritsar,2020-01-25,108.0,1,0.13273785657096976,False
Amritsar,2020-01-26,107.0,1,0.15845451942041172,False
Amritsar,2020-01-27,90.0,1,0.18724474730708762,False
Amritsar,2020-01-28,96.0,1,0.20694971680097957,False
Amritsar,2020-01-29,55.0,1,0.15037663358307818,False
Amritsar,2020-01-30,60.0,1,0.1944925446745489,False
Amritsar,2020-01-31,102.0,1,0.18650235630005008,False
Amritsar,2020-02-03,,-1,-0.007055149856556753,True
Amritsar,2020-02-04,111.0,1,0.1789175619058691,False
Amritsar,2020-02-05,99.0,1,0.2030466158872512,False
Amritsar,2020-02-06,121.0,1,0.1590646491766297,False
Amritsar,2020-02-07,124.0,1,0.15580190397996907,False
Amritsar,2020-02-08,152.0,1,0.10410853300988393,False
Amritsar,2020-02-09,282.0,1,0.038668260721778314,False
Amritsar,2020-02-10,144.0,1,0.1332283191772109,False
Amritsar,2020-02-11,190.0,1,0.11843042098394302,False
Amritsar,2020-02-12,133.0,1,0.17251539720552067,False
Amritsar,2020-02-13,112.0,1,0.1834763552325162,False
Amritsar,2020-02-14,107.0,1,0.17157662675224694,False
Amritsar,2020-02-15,106.0,1,0.14727125634215738,False
Amritsar,2020-02-16,132.0,1,0.12195857943631389,False
Amritsar,2020-02-17,139.0,1,0.12529579755338782,False
Amritsar,2020-02-18,128.0,1,0.11812345681251146,False
Amritsar,2020-02-19,127.0,1,0.20928466668820334,False
Amritsar,2020-02-20,124.0,1,0.19408208876147226,False
Amritsar,2020-02-21,92.0,1,0.18390984431222734,False
Amritsar,2020-02-22,94.0,1,0.1975857231815864,False
Amritsar,2020-02-23,101.0,1,0.21225287966459816,False
Amritsar,2020-02-24,113.0,1,0.1936503730517613,False
Amritsar,2020-02-25,121.0,1,0.19083771401893174,False
Amritsar,2020-02-26,134.0,1,0.1777395970124781,False
Amritsar,2020-02-27,127.0,1,0.1714883007208739,False
Amritsar,2020-02-28,128.0,1,0.18785858134641809,False
Amritsar,2020-02-29,108.0,1,0.19532512857338485,False
Amritsar,2020-03-01,76.0,1,0.1352756122737644,False
Amritsar,2020-03-02,92.0,1,0.2016502591375045,False
Amritsar,2020-03-03,101.0,1,0.20083244966744224,False
Amritsar,2020-03-04,118.0,1,0.18025233626968767,False
Amritsar,2020-03-05,97.0,1,0.17554933880949408,False
Amritsar,2020-03-06,68.0,1,0.17753974524960908,False
Amritsar,2020-03-07,59.0,1,0.16718059174265665,False
Amritsar,2020-03-08,70.0,1,0.17727374860132322,False
Amritsar,2020-03-09,75.0,1,0.1745509743535586,False
Amritsar,2020-03-10,96.0,1,0.19068241726207624,False
Amritsar,2020-03-12,,1,0.16745641216455104,False
Amritsar,2020-03-13,72.0,1,0.15265864231707493,False
Amritsar,2020-03-14,69.0,1,0.16703373544871208,False
Amritsar,2020-03-15,79.0,1,0.13354574638323014,False
Amritsar,2020-03-16,95.0,1,0.1949592733300215,False
Amritsar,2020-03-17,106.0,1,0.2022857256816707,False
Amritsar,2020-03-18,110.0,1,0.20238226019224825,False
Amritsar,2020-03-19,107.0,1,0.18333303597312312,False
Amritsar,2020-03-20,111.0,1,0.13260515085878238,False
Amritsar,2020-03-21,96.0,1,0.16413715771795967,False
Amritsar,2020-03-22,93.0,1,0.15308502664557894,False
Amritsar,2020-03-23,78.0,1,0.18701284906922477,False
Amritsar,2020-03-24,86.0,1,0.1567798341660706,False
Amritsar,2020-03-25,64.0,1,0.17413291755072335,False
Amritsar,2020-03-26,66.0,1,0.1788052504152971,False
Amritsar,2020-03-27,71.0,1,0.19599815188892294,False
Amritsar,2020-03-28,54.0,1,0.17560321254854,False
Amritsar,2020-03-29,60.0,1,0.18655752223288852,False
Amritsar,2020-03-30,67.0,1,0.19659064474442323,False
Amritsar,2020-03-31,69.0,1,0.19480787094879004,False
Amritsar,2020-04-01,65.0,1,0.18431735591513687,False
Amritsar,2020-04-02,63.0,1,0.18452923462922277,False
Amritsar,2020-04-03,61.0,1,0.18857326123552487,False
Amritsar,2020-04-04,58.0,1,0.18944162199531783,False
Amritsar,2020-04-11,,1,0.17445582857080544,False
Amritsar,2020-04-12,45.0,1,0.15950329751730452,False
Amritsar,2020-04-13,52.0,1,0.19623924543366783,False
Amritsar,2020-04-14,59.0,1,0.19380892737097094,False
Amritsar,2020-04-15,68.0,1,0.2068463111236542,False
Amritsar,2020-04-16,61.0,1,0.14783159008164276,False
Amritsar,2020-04-17,45.0,1,0.10422782268011405,False
Amritsar,2020-04-18,43.0,1,0.08169828305516663,False
Amritsar,2020-04-19,44.0,1,0.08707583092942622,False
Amritsar,2020-04-20,51.0,1,0.1124247345623477,False
Amritsar,2020-04-21,47.0,1,0.07776776126293683,False
Amritsar,2020-04-22,48.0,1,0.105667561511327,False
Amritsar,2020-04-23,56.0,1,0.10619582717195986,False
Amritsar,2020-04-24,68.0,1,0.12807215478851175,False
Amritsar,2020-04-25,74.0,1,0.0951027250286346,False
Amritsar,2020-04-26,60.0,1,0.10954898338030084,False
Amritsar,2020-04-27,51.0,1,0.06789816513654756,False
Amritsar,2020-04-28,56.0,1,0.09844675034950473,False
Amritsar,2020-04-29,72.0,1,0.12350612377297632,False
Amritsar,2020-04-30,102.0,1,0.13533457406005395,False
Amritsar,2020-05-01,118.0,1,0.1409282940568854,False
Amritsar,2020-05-02,118.0,1,0.1449883907248825,False
Amritsar,2020-05-03,91.0,1,0.18247484642943262,False
Amritsar,2020-05-04,61.0,1,0.17738681984275861,False
Amritsar,2020-05-05,77.0,1,0.19047073476291537,False
Amritsar,2020-05-06,75.0,1,0.18589056936656206,False
Amritsar,2020-05-07,60.0,1,0.11684359171206127,False
Amritsar,2020-05-08,71.0,1,0.11701715184129258,False
Amritsar,2020-05-09,87.0,1,0.13500771553780472,False
Amritsar,2020-05-10,94.0,1,0.15337140808339922,False
Amritsar,2020-05-11,75.0,1,0.14240738887639737,False
Amritsar,2020-05-12,61.0,1,0.11239064404103605,False
Amritsar,2020-05-13,67.0,1,0.1388860202032945,False
Amritsar,2020-05-14,95.0,1,0.15150258359821167,False
Amritsar,2020-05-15,52.0,1,0.09676061667221858,False
Amritsar,2020-05-16,61.0,1,0.133004684976207,False
Amritsar,2020-05-17,75.0,1,0.1322413438628839,False
Amritsar,2020-05-18,76.0,1,0.07596869527252137,False
Amritsar,2020-05-19,65.0,1,0.06781759275075416,False
Amritsar,2020-05-20,68.0,1,0.08734264574017053,False
Amritsar,2020-05-21,80.0,1,0.08943500674930155,False
Amritsar,2020-05-22,115.0,1,0.09926812109905753,False
Amritsar,2020-05-23,106.0,1,0.17747099182865428,False
Amritsar,2020-05-24,74.0,1,0.16348605119400955,False
Amritsar,2020-05-25,69.0,1,0.15499865683382014,False
Amritsar,2020-05-26,81.0,1,0.1011222413477898,False
Amritsar,2020-05-27,77.0,1,0.19540719909644255,False
Amritsar,2020-05-28,81.0,1,0.20660180864806282,False
Amritsar,2020-05-29,67.0,1,0.19819634037607403,False
Amritsar,2020-05-30,63.0,1,0.20097276089638821,False
Amritsar,2020-05-31,48.0,1,0.1467868757786817,False
Amritsar,2020-06-01,43.0,1,0.10823149138795685,False
Amritsar,2020-06-02,65.0,1,0.13610867249346392,False
Amritsar,2020-06-03,478.0,-1,-0.03544692854516185,True
Amritsar,2020-06-04,193.0,1,0.11626699634499921,False
Amritsar,2020-06-05,56.0,1,0.10609846705917553,False
Amritsar,2020-06-06,41.0,1,0.09646998461284312,False
Amritsar,2020-06-07,42.0,1,0.13308762489282117,False
Amritsar,2020-06-08,51.0,1,0.14389703053307945,False
Amritsar,2020-06-09,77.0,1,0.20646263301560075,False
Amritsar,2020-06-10,80.0,1,0.20006614918821258,False
Amritsar,2020-06-11,79.0,1,0.20421217345127035,False
Amritsar,2020-06-12,89.0,1,0.1878191944390179,False
Amritsar,2020-06-13,104.0,1,0.1822491711729276,False
Amritsar,2020-06-14,87.0,1,0.18521678585455237,False
Amritsar,2020-06-15,103.0,1,0.1607271198021223,False
Amritsar,2020-06-16,110.0,1,0.18810330345325804,False
Amritsar,2020-06-17,117.0,1,0.19518378743732961,False
Amritsar,2020-06-18,117.0,1,0.1986380722980458,False
Amritsar,2020-06-19,131.0,1,0.1903486827534952,False
Amritsar,2020-06-20,120.0,1,0.1640644851629266,False
Amritsar,2020-06-21,120.0,1,0.1935560302396172,False
Amritsar,2020-06-22,72.0,1,0.21037906742935292,False
Amritsar,2020-06-23,125.0,1,0.11553080491415701,False
Amritsar,2020-06-24,130.0,1,0.1963251024068089,False
Amritsar,2020-06-25,59.0,1,0.20677856030617459,False
Amritsar,2020-06-26,83.0,1,0.1961121628088241,False
Amritsar,2020-06-27,74.0,1,0.20217941436988873,False
Amritsar,2020-06-28,85.0,1,0.20045797861388032,False
Amritsar,2020-06-29,49.0,1,0.1863318455757123,False
Amritsar,2020-06-30,66.0,1,0.21328581270481317,False
Bengaluru,2020-01-01,82.0,1,0.19848088725774016,False
Bengaluru,2020-01-02,81.0,1,0.21384507993955948,False
Bengaluru,2020-01-03,85.0,1,0.22826775505096242,False
Bengaluru,2020-01-04,95.0,1,0.1915002990300021,False
Bengaluru,2020-01-05,118.0,1,0.19715026780253897,False
Bengaluru,2020-01-06,81.0,1,0.2233573585258189,False
Bengaluru,2020-01-07,75.0,1,0.21824347665440602,False
Bengaluru,2020-01-08,93.0,1,0.21593864026559545,False
Bengaluru,2020-01-09,101.0,1,0.21953294468313872,False
Bengaluru,2020-01-10,94.0,1,0.20488927068630763,False
Bengaluru,2020-01-11,78.0,1,0.22057730581053492,False
Bengaluru,2020-01-12,79.0,1,0.21056304794259034,False
Bengaluru,2020-01-13,106.0,1,0.2018940776303898,False
Bengaluru,2020-01-14,121.0,1,0.1712097983986795,False
Bengaluru,2020-01-15,111.0,1,0.18644855723766535,False
Bengaluru,2020-01-16,114.0,1,0.17788385390749245,False
Bengaluru,2020-01-17,106.0,1,0.19732721755029947,False
Bengaluru,2020-01-18,86.0,1,0.23367774470711078,False
Bengaluru,2020-01-19,66.0,1,0.23077700061741868,False
Bengaluru,2020-01-20,81.0,1,0.22639980695621065,False
Bengaluru,2020-01-21,90.0,1,0.212794271376826,False
Bengaluru,2020-01-22,87.0,1,0.22337359931865264,False
Bengaluru,2020-01-23,82.0,1,0.20963583448449724,False
Bengaluru,2020-01-24,108.0,1,0.1976305955573861,False
Bengaluru,2020-01-25,100.0,1,0.19287676164706752,False
Bengaluru,2020-01-26,97.0,1,0.18098486928890578,False
Bengaluru,2020-01-27,98.0,1,0.1662635084056584,False
Bengaluru,2020-01-28,102.0,1,0.11460321923983574,False
Bengaluru,2020-01-29,115.0,1,0.142871570584499,False
Bengaluru,2020-01-30,112.0,1,0.1449444515856652,False
Bengaluru,2020-01-31,111.0,1,0.1777395626002931,False
Bengaluru,2020-02-01,102.0,1,0.1552924997420066,False
Bengaluru,2020-02-02,94.0,1,0.2247023178553127,False
Bengaluru,2020-02-03,79.0,1,0.21462061807496458,False
Bengaluru,2020-02-04,82.0,1,0.21900594574162963,False
Bengaluru,2020-02-05,86.0,1,0.21226572533710414,False
Bengaluru,2020-02-06,96.0,1,0.21220909488422096,False
Bengaluru,2020-02-07,96.0,1,0.18907062450521622,False
Bengaluru,2020-02-08,105.0,1,0.2090713501052573,False
Bengaluru,2020-02-09,101.0,1,0.14887702770520544,False
Bengaluru,2020-02-10,103.0,1,0.20049451911111477,False
Bengaluru,2020-02-11,87.0,1,0.2186036209699317,False
Bengaluru,2020-02-12,80.0,1,0.22076434389859928,False
Bengaluru,2020-02-13,84.0,1,0.21037032231721936,False
Bengaluru,2020-02-14,111.0,1,0.17244913607101897,False
Bengaluru,2020-02-15,128.0,1,0.13893501310270112,False
Bengaluru,2020-02-16,120.0,1,0.18614556547394906,False
Bengaluru,2020-02-17,99.0,1,0.16576533204949562,False
Bengaluru,2020-02-18,103.0,1,0.19180103350596317,False
Bengaluru,2020-02-19,101.0,1,0.1834232536583063,False
Bengaluru,2020-02-20,94.0,1,0.21862616645405214,False
Bengaluru,2020-02-21,90.0,1,0.22693762045621185,False
Bengaluru,2020-02-22,78.0,1,0.22094977356019274,False
Bengaluru,2020-02-23,81.0,1,0.21730180477146177,False
Bengaluru,2020-02-24,82.0,1,0.22676493304148698,False
Bengaluru,2020-02-25,107.0,1,0.21274795293222692,False
Bengaluru,2020-02-26,104.0,1,0.22236837057935138,False
Bengaluru,2020-02-27,112.0,1,0.21256326319048835,False
Bengaluru,2020-02-28,98.0,1,0.21089787608743726,False
Bengaluru,2020-02-29,95.0,1,0.2144023154716495,False
Bengaluru,2020-03-01,101.0,1,0.19023328315855936,False
Bengaluru,2020-03-02,103.0,1,0.19950204384072973,False
Bengaluru,2020-03-03,137.0,1,0.11303092591673636,False
Bengaluru,2020-03-04,131.0,1,0.17738776620694524,False
Bengaluru,2020-03-05,117.0,1,0.18194611082108963,False
Bengaluru,2020-03-06,100.0,1,0.19220170427976502,False
Bengaluru,2020-03-07,93.0,1,0.2118491352307515,False
Bengaluru,2020-03-08,91.0,1,0.2127016878843756,False
Bengaluru,2020-03-09,99.0,1,0.20644074041966815,False
Bengaluru,2020-03-10,93.0,1,0.20674470086209584,False
Bengaluru,2020-03-11,95.0,1,0.1946085987542464,False
Bengaluru,2020-03-12,97.0,1,0.21855755101944058,False
Bengaluru,2020-03-13,90.0,1,0.21569517495964452,False
Bengaluru,2020-03-14,86.0,1,0.22141392989690817,False
Bengaluru,2020-03-15,88.0,1,0.2119737864089969,False
Bengaluru,2020-03-16,79.0,1,0.2197865582293972,False
Bengaluru,2020-03-17,77.0,1,0.21783483763621597,False
Bengaluru,2020-03-18,78.0,1,0.21618982682593396,False
Bengaluru,2020-03-19,91.0,1,0.1902718461124081,False
Bengaluru,2020-03-20,100.0,1,0.19898258653838152,False
Bengaluru,2020-03-21,103.0,1,0.19409094973298852,False
Bengaluru,2020-03-22,99.0,1,0.18948114049023884,False
Bengaluru,2020-03-23,85.0,1,0.2185120484007817,False
Bengaluru,2020-03-24,106.0,1,0.1984499275834679,False
Bengaluru,2020-03-25,70.0,1,0.1692978048812146,False
Bengaluru,2020-03-26,61.0,1,0.18676564891204017,False
Bengaluru,2020-03-27,67.0,1,0.18637038718221177,False
Bengaluru,2020-03-28,70.0,1,0.19187085750115324,False
Bengaluru,2020-03-29,66.0,1,0.19184921077770817,False
Bengaluru,2020-03-30,72.0,1,0.18690322245877278,False
Bengaluru,2020-03-31,68.0,1,0.18686961000427738,False
Bengaluru,2020-04-01,64.0,1,0.18842274218471156,False
Bengaluru,2020-04-02,70.0,1,0.186684669167138,False
Bengaluru,2020-04-03,82.0,1,0.1833393774710541,False
Bengaluru,2020-04-04,74.0,1,0.18708727437472394,False
Bengaluru,2020-04-05,77.0,1,0.19825171590310098,False
Bengaluru,2020-04-06,65.0,1,0.19278344462919766,False
Bengaluru,2020-04-07,62.0,1,0.15705555985017638,False
Bengaluru,2020-04-08,67.0,1,0.15816840502799145,False
Bengaluru,2020-04-09,65.0,1,0.17845450694605808,False
Bengaluru,2020-04-10,76.0,1,0.16260910225421848,False
Bengaluru,2020-04-11,70.0,1,0.17917995038789936,False
Bengaluru,2020-04-12,64.0,1,0.1822371644355023,False
Bengaluru,2020-04-13,72.0,1,0.19584453399847385,False
Bengaluru,2020-04-14,72.0,1,0.19771462864936318,False
Bengaluru,2020-04-15,74.0,1,0.16913550507352687,False
Bengaluru,2020-04-16,66.0,1,0.1855696488895981,False
Bengaluru,2020-04-17,74.0,1,0.1900351447950695,False
Bengaluru,2020-04-18,94.0,1,0.18750300303567619,False
Bengaluru,2020-04-19,67.0,1,0.1880022758461694,False
Bengaluru,2020-04-20,53.0,1,0.1678311984713341,False
Bengaluru,2020-04-21,65.0,1,0.19523896609623997,False
Bengaluru,2020-04-22,71.0,1,0.18302587395184994,False
Bengaluru,2020-04-23,63.0,1,0.18758316280857024,False
Bengaluru,2020-04-24,69.0,1,0.20586889769222516,False
Bengaluru,2020-04-25,66.0,1,0.21142943879704362,False
Bengaluru,2020-04-26,61.0,1,0.18933040805581008,False
Bengaluru,2020-04-27,59.0,1,0.19609906357283918,False
Bengaluru,2020-04-28,71.0,1,0.20144512602255138,False
Bengaluru,2020-04-29,62.0,1,0.18428489711762652,False
Bengaluru,2020-04-30,61.0,1,0.21397519328547254,False
Bengaluru,2020-05-01,74.0,1,0.2020822295548506,False
Bengaluru,2020-05-02,72.0,1,0.19464008340012834,False
Bengaluru,2020-05-03,71.0,1,0.20877571564597358,False
Bengaluru,2020-05-04,79.0,1,0.20911463881139813,False
Bengaluru,2020-05-05,91.0,1,0.19961929979550735,False
Bengaluru,2020-05-06,85.0,1,0.2051066418006512,False
Bengaluru,2020-05-07,82.0,1,0.22384924971226583,False
Bengaluru,2020-05-08,73.0,1,0.19711787224467292,False
Bengaluru,2020-05-09,76.0,1,0.20048667844281826,False
Bengaluru,2020-05-10,78.0,1,0.2004067519905498,False
Bengaluru,2020-05-11,77.0,1,0.19401651458478752,False
Bengaluru,2020-05-12,82.0,1,0.20757139821054726,False
Bengaluru,2020-05-13,66.0,1,0.19411660909223416,False
Bengaluru,2020-05-14,66.0,1,0.21659208524285262,False
Bengaluru,2020-05-15,73.0,1,0.19755889108659141,False
Bengaluru,2020-05-16,74.0,1,0.2104987844074882,False
Bengaluru,2020-05-17,70.0,1,0.189658111727615,False
Bengaluru,2020-05-18,68.0,1,0.19136574278796575,False
Bengaluru,2020-05-19,72.0,1,0.21747110423723165,False
Bengaluru,2020-05-20,79.0,1,0.21037142536910336,False
Bengaluru,2020-05-21,70.0,1,0.21825845357457985,False
Bengaluru,2020-05-22,68.0,1,0.20825060044723726,False
Bengaluru,2020-05-23,72.0,1,0.20377916935178975,False
Bengaluru,2020-05-24,66.0,1,0.21117034872916907,False
Bengaluru,2020-05-25,70.0,1,0.21692888236739394,False
Bengaluru,2020-05-26,66.0,1,0.21286134975573567,False
Bengaluru,2020-05-27,75.0,1,0.22474432029160957,False
Bengaluru,2020-05-28,74.0,1,0.21453748930276106,False
Bengaluru,2020-05-29,66.0,1,0.21552108652578966,False
Bengaluru,2020-05-30,72.0,1,0.2080398820026903,False
Bengaluru,2020-05-31,61.0,1,0.19339306118971383,False
Bengaluru,2020-06-01,49.0,1,0.13080460133939292,False
Bengaluru,2020-06-02,40.0,1,0.11992218729721782,False
Bengaluru,2020-06-03,42.0,1,0.12234640838677252,False
Bengaluru,2020-06-04,43.0,1,0.14799609713056272,False
Bengaluru,2020-06-05,55.0,1,0.20401372587946803,False
Bengaluru,2020-06-06,55.0,1,0.19960752825475853,False
Bengaluru,2020-06-07,55.0,1,0.18000454726020299,False
Bengaluru,2020-06-08,55.0,1,0.20044617311578555,False
Bengaluru,2020-06-09,58.0,1,0.20622917798600893,False
Bengaluru,2020-06-10,70.0,1,0.2137698705886355,False
Bengaluru,2020-06-11,59.0,1,0.18546260011094773,False
Bengaluru,2020-06-12,49.0,1,0.17552365337610187,False
Bengaluru,2020-06-13,50.0,1,0.18253620766981254,False
Bengaluru,2020-06-14,49.0,1,0.17078186685129254,False
Bengaluru,2020-06-15,47.0,1,0.17103350376385418,False
Bengaluru,2020-06-16,55.0,1,0.1837214613379603,False
Bengaluru,2020-06-17,57.0,1,0.18895733419683014,False
Bengaluru,2020-06-18,65.0,1,0.200895522985862,False
Bengaluru,2020-06-19,65.0,1,0.1998383355392871,False
Bengaluru,2020-06-20,56.0,1,0.1802268549174456,False
Bengaluru,2020-06-21,52.0,1,0.17272505308836245,False
Bengaluru,2020-06-22,49.0,1,0.17341744393937736,False
Bengaluru,2020-06-23,56.0,1,0.19814877625691635,False
Bengaluru,2020-06-24,63.0,1,0.20402098094952587,False
Bengaluru,2020-06-25,63.0,1,0.19527768810364288,False
Bengaluru,2020-06-26,58.0,1,0.17095196997203477,False
Bengaluru,2020-06-27,51.0,1,0.17097695202684376,False
Bengaluru,2020-06-28,61.0,1,0.1710925221913016,False
Bengaluru,2020-06-29,65.0,1,0.18514871954538192,False
Bengaluru,2020-06-30,63.0,1,0.16671877454475498,False
Chennai,2020-01-01,70.0,1,0.16733805523337175,False
Chennai,2020-01-02,57.0,1,0.131954141368902,False
Chennai,2020-01-03,74.0,1,0.1717495278045249,False
Chennai,2020-01-04,64.0,1,0.20056649057524495,False
Chennai,2020-01-05,62.0,1,0.13965085826365797,False
Chennai,2020-01-06,61.0,1,0.12043919221768629,False
Chennai,2020-01-07,55.0,1,0.11618854745417878,False
Chennai,2020-01-08,73.0,1,0.1083466125461377,False
Chennai,2020-01-09,79.0,1,0.09972594237837212,False
Chennai,2020-01-10,74.0,1,0.15096158441840934,False
Chennai,2020-01-11,72.0,1,0.14276101161733218,False
Chennai,2020-01-12,83.0,1,0.15571847892010443,False
Chennai,2020-01-13,140.0,1,0.04099331109813986,False
Chennai,2020-01-14,230.0,-1,-0.06842514489266416,True
Chennai,2020-01-15,168.0,1,0.1022668800498922,False
Chennai,2020-01-16,74.0,1,0.14385795950759217,False
Chennai,2020-01-17,62.0,1,0.10602305865771988,False
Chennai,2020-01-18,65.0,1,0.043349677108517226,False
Chennai,2020-01-19,67.0,1,0.10138729680842046,False
Chennai,2020-01-20,69.0,1,0.13104923148053998,False
Chennai,2020-01-21,85.0,1,0.13191776123692167,False
Chennai,2020-01-22,93.0,1,0.162341901791703,False
Chennai,2020-01-23,104.0,1,0.09040772697574267,False
Chennai,2020-01-24,123.0,1,0.03516635871390106,False
Chennai,2020-01-25,110.0,1,0.08865607742177434,False
Chennai,2020-01-26,87.0,1,0.11490596544046872,False
Chennai,2020-01-27,78.0,1,0.13523898209789526,False
Chennai,2020-01-28,85.0,1,0.16802297160646834,False
Chennai,2020-01-29,84.0,1,0.18166935364646464,False
Chennai,2020-01-30,87.0,1,0.18887857770599353,False
Chennai,2020-01-31,78.0,1,0.1962988319948935,False
Chennai,2020-02-01,63.0,1,0.19854510131444514,False
Chennai,2020-02-02,55.0,1,0.13037864150187511,False
Chennai,2020-02-03,63.0,1,0.13708511000149248,False
Chennai,2020-02-04,74.0,1,0.11824884385189305,False
Chennai,2020-02-05,94.0,1,0.1697719645887622,False
Chennai,2020-02-06,89.0,1,0.1928031168250816,False
Chennai,2020-02-07,75.0,1,0.19552321400315142,False
Chennai,2020-02-08,64.0,1,0.19471222113932635,False
Chennai,2020-02-09,61.0,1,0.15618006581109517,False
Chennai,2020-02-10,58.0,1,0.15800846217105557,False
Chennai,2020-02-11,69.0,1,0.14528700002214212,False
Chennai,2020-02-12,81.0,1,0.11697845412738439,False
Chennai,2020-02-13,93.0,1,0.0736532329646225,False
Chennai,2020-02-14,118.0,1,0.06547976048753956,False
Chennai,2020-02-15,121.0,1,0.1104156307653737,False
Chennai,2020-02-16,82.0,1,0.17654439953470547,False
Chennai,2020-02-17,72.0,1,0.1478480207044241,False
Chennai,2020-02-18,85.0,1,0.131758068095704,False
Chennai,2020-02-19,84.0,1,0.08044183182140047,False
Chennai,2020-02-20,77.0,1,0.10197938865328787,False
Chennai,2020-02-21,75.0,1,0.07551445751146718,False
Chennai,2020-02-22,76.0,1,0.1873007944813051,False
Chennai,2020-02-23,65.0,1,0.12071251459561111,False
Chennai,2020-02-24,77.0,1,0.1204270782934731,False
Chennai,2020-02-25,81.0,1,0.1750903458901495,False
Chennai,2020-02-26,84.0,1,0.16246055707363594,False
Chennai,2020-02-27,83.0,1,0.14092457260633057,False
Chennai,2020-02-28,75.0,1,0.16026122586694708,False
Chennai,2020-02-29,72.0,1,0.06560344756435632,False
Chennai,2020-03-01,80.0,1,0.15244136972285688,False
Chennai,2020-03-02,76.0,1,0.12170320435217785,False
Chennai,2020-03-03,96.0,1,0.06189920809365623,False
Chennai,2020-03-04,84.0,1,0.17356730227594475,False
Chennai,2020-03-05,77.0,1,0.15550022867055857,False
Chennai,2020-03-06,61.0,1,0.12935402942175017,False
Chennai,2020-03-07,69.0,1,0.1436868446437869,False
Chennai,2020-03-08,57.0,1,0.09317987920883986,False
Chennai,2020-03-09,65.0,1,0.15020105453171517,False
Chennai,2020-03-10,61.0,1,0.17833248079514763,False
Chennai,2020-03-11,76.0,1,0.13684872202869136,False
Chennai,2020-03-12,65.0,1,0.16909491781623914,False
Chennai,2020-03-13,72.0,1,0.17389439605184165,False
Chennai,2020-03-14,74.0,1,0.19123468476463346,False
Chennai,2020-03-15,79.0,1,0.16537472816926096,False
Chennai,2020-03-16,66.0,1,0.07937634073351846,False
Chennai,2020-03-17,76.0,1,0.06854808053364647,False
Chennai,2020-03-18,92.0,1,0.12173919597392924,False
Chennai,2020-03-19,88.0,1,0.15097550074629468,False
Chennai,2020-03-20,95.0,1,0.1437943268506235,False
Chennai,2020-03-21,80.0,1,0.12406078657768849,False
Chennai,2020-03-22,71.0,1,0.1667127801334548,False
Chennai,2020-03-23,73.0,1,0.13011071874939895,False
Chennai,2020-03-24,57.0,1,0.0972596292370827,False
Chennai,2020-03-25,58.0,1,0.0822096233249886,False
Chennai,2020-03-26,54.0,1,0.10314144755343918,False
Chennai,2020-03-27,59.0,1,0.09656678825043091,False
Chennai,2020-03-28,55.0,1,0.08996016980172755,False
Chennai,2020-03-29,53.0,1,0.04480712498460726,False
Chennai,2020-03-30,50.0,1,0.041355601969567224,False
Chennai,2020-03-31,60.0,1,0.03811747383909314,False
Chennai,2020-04-01,75.0,1,0.13578002002827322,False
Chennai,2020-04-02,74.0,1,0.048014212369022924,False
Chennai,2020-04-03,72.0,1,0.02913760202262905,False
Chennai,2020-04-04,67.0,1,0.00783338344283191,False
Chennai,2020-04-05,66.0,1,0.021869011773074765,False
Chennai,2020-04-06,57.0,1,0.049690612427189196,False
Chennai,2020-04-07,55.0,1,0.029835213514980752,False
Chennai,2020-04-08,55.0,-1,-0.0026115755184299427,True
Chennai,2020-04-09,55.0,1,0.02508127411221972,False
Chennai,2020-04-10,80.0,1,0.21537026079222032,False
Chennai,2020-04-11,60.0,1,0.16074365404555474,False
Chennai,2020-04-12,59.0,1,0.17104476393123336,False
Chennai,2020-04-13,64.0,1,0.17979275986985366,False
Chennai,2020-04-14,65.0,1,0.1637242616392629,False
Chennai,2020-04-15,62.0,1,0.15643084963040998,False
Chennai,2020-04-16,65.0,1,0.1646458008521739,False
Chennai,2020-04-17,65.0,1,0.14247008234017372,False
Chennai,2020-04-18,56.0,1,0.1460920372265455,False
Chennai,2020-04-19,59.0,1,0.13159145778912595,False
Chennai,2020-04-20,59.0,1,0.13158900662024053,False
Chennai,2020-04-21,61.0,1,0.13260079992116663,False
Chennai,2020-04-22,60.0,1,0.14995902251161664,False
Chennai,2020-04-23,56.0,1,0.16811723119841138,False
Chennai,2020-04-24,58.0,1,0.15941232968730362,False
Chennai,2020-04-25,67.0,1,0.16175354868884234,False
Chennai,2020-04-26,66.0,1,0.18211086423057982,False
Chennai,2020-04-27,60.0,1,0.14174908296490502,False
Chennai,2020-04-28,68.0,1,0.14186241688948492,False
Chennai,2020-04-29,69.0,1,0.1336393400458628,False
Chennai,2020-04-30,70.0,1,0.16590570710103403,False
Chennai,2020-05-01,71.0,1,0.12095774741847914,False
Chennai,2020-05-02,70.0,1,0.12371188945318784,False
Chennai,2020-05-03,71.0,1,0.13227887163082414,False
Chennai,2020-05-04,66.0,1,0.13376681614507174,False
Chennai,2020-05-05,81.0,1,0.1433629225688836,False
Chennai,2020-05-06,78.0,1,0.1296924596646155,False
Chennai,2020-05-07,73.0,1,0.130280517499399,False
Chennai,2020-05-08,76.0,1,0.12991622558510313,False
Chennai,2020-05-09,65.0,1,0.12269741102817222,False
Chennai,2020-05-10,69.0,1,0.12409831270900157,False
Chennai,2020-05-11,66.0,1,0.13437637569064698,False
Chennai,2020-05-12,68.0,1,0.1289259094487017,False
Chennai,2020-05-13,69.0,1,0.13472340245995773,False
Chennai,2020-05-14,77.0,1,0.1403707681030834,False
Chennai,2020-05-15,70.0,1,0.1737657533755516,False
Chennai,2020-05-16,82.0,1,0.17612925698908555,False
Chennai,2020-05-17,68.0,1,0.1510209341825271,False
Chennai,2020-05-18,76.0,1,0.16171367567316863,False
Chennai,2020-05-19,82.0,1,0.19308449881993728,False
Chennai,2020-05-20,90.0,1,0.19900918457603206,False
Chennai,2020-05-21,92.0,1,0.174427168556949,False
Chennai,2020-05-22,102.0,1,0.15717486995103608,False
Chennai,2020-05-23,77.0,1,0.17334174706732286,False
Chennai,2020-05-24,81.0,1,0.166329711072412,False
Chennai,2020-05-25,79.0,1,0.1490508898622317,False
Chennai,2020-05-26,79.0,1,0.02004373779383095,False
Chennai,2020-05-27,77.0,1,0.008141720306827693,False
Chennai,2020-05-28,79.0,1,0.20520110525610513,False
Chennai,2020-05-29,112.0,1,0.18270946717200592,False
Chennai,2020-05-30,105.0,1,0.1576366766814989,False
Chennai,2020-05-31,88.0,1,0.03510288430546915,False
Chennai,2020-06-01,101.0,1,0.010337027255441278,False
Chennai,2020-06-02,95.0,1,0.1031199103010374,False
Chennai,2020-06-03,76.0,1,0.07888534721258328,False
Chennai,2020-06-04,99.0,1,0.07242400619812783,False
Chennai,2020-06-05,81.0,1,0.10145244031822909,False
Chennai,2020-06-06,92.0,1,0.16695047598991264,False
Chennai,2020-06-07,128.0,1,0.02270183277874216,False
Chennai,2020-06-08,85.0,1,0.1316420156707101,False
Chennai,2020-06-09,87.0,1,0.13869647882793873,False
Chennai,2020-06-10,80.0,1,0.20719671862019745,False
Chennai,2020-06-11,106.0,1,0.1702932466189649,False
Chennai,2020-06-12,169.0,1,0.09380972780265212,False
Chennai,2020-06-13,112.0,1,0.1441045074667956,False
Chennai,2020-06-14,80.0,1,0.14495566468593712,False
Chennai,2020-06-15,79.0,1,0.1515166102376866,False
Chennai,2020-06-16,86.0,1,0.150180500601105,False
Chennai,2020-06-17,96.0,1,0.1761895210932245,False
Chennai,2020-06-18,112.0,1,0.09433228988694076,False
Chennai,2020-06-19,109.0,1,0.1926664589884966,False
Chennai,2020-06-20,152.0,1,0.12900603141612893,False
Chennai,2020-06-21,140.0,1,0.13846227788160692,False
Chennai,2020-06-22,106.0,1,0.08341027003097251,False
Chennai,2020-06-23,109.0,1,0.06804375796876783,False
Chennai,2020-06-24,102.0,1,0.09036499702186218,False
Chennai,2020-06-25,108.0,1,0.09608700391012487,False
Chennai,2020-06-26,95.0,1,0.08610602098624065,False
Chennai,2020-06-27,95.0,1,0.11314043574740279,False
Chennai,2020-06-28,98.0,1,0.10613005844569423,False
Chennai,2020-06-29,104.0,1,0.09188092877522225,False
Chennai,2020-06-30,110.0,1,0.09650447000713713,False
Delhi,2020-01-01,492.0,1,0.0005715715523830767,False
Delhi,2020-01-02,485.0,1,0.02051228073131517,False
Delhi,2020-01-03,426.0,1,0.09945871545689544,False
Delhi,2020-01-04,366.0,1,0.13544178138651652,False
Delhi,2020-01-05,354.0,1,0.15250848124641764,False
Delhi,2020-01-06,335.0,1,0.15040406392698608,False
Delhi,2020-01-07,285.0,1,0.15959662220259552,False
Delhi,2020-01-08,281.0,1,0.13206859503937401,False
Delhi,2020-01-09,231.0,1,0.14969770844850588,False
Delhi,2020-01-10,255.0,1,0.16406842257153076,False
Delhi,2020-01-11,309.0,1,0.1757876268796691,False
Delhi,2020-01-12,352.0,1,0.14327295386616185,False
Delhi,2020-01-13,381.0,1,0.12413289983377368,False
Delhi,2020-01-14,314.0,1,0.14315782407514743,False
Delhi,2020-01-15,241.0,1,0.17135802724756977,False
Delhi,2020-01-16,286.0,1,0.14221657302492247,False
Delhi,2020-01-17,287.0,1,0.14101629208789834,False
Delhi,2020-01-18,262.0,1,0.14770089524223268,False
Delhi,2020-01-19,290.0,1,0.15426273502160137,False
Delhi,2020-01-20,282.0,1,0.1603615260623631,False
Delhi,2020-01-21,359.0,1,0.1212908292357559,False
Delhi,2020-01-22,378.0,1,0.12242134687716122,False
Delhi,2020-01-23,273.0,1,0.1630475171372699,False
Delhi,2020-01-24,155.0,1,0.16940274875650424,False
Delhi,2020-01-25,251.0,1,0.16546246321046626,False
Delhi,2020-01-26,349.0,1,0.1459206875624809,False
Delhi,2020-01-27,365.0,1,0.13051806754645806,False
Delhi,2020-01-28,302.0,1,0.15857435660558034,False
Delhi,2020-01-29,218.0,1,0.16387908776599142,False
Delhi,2020-01-30,195.0,1,0.16888679083062197,False
Delhi,2020-01-31,203.0,1,0.167498754818813,False
Delhi,2020-02-01,244.0,1,0.1728166838850283,False
Delhi,2020-02-02,254.0,1,0.17222638601722173,False
Delhi,2020-02-03,297.0,1,0.1832810265715838,False
Delhi,2020-02-04,336.0,1,0.16005432462982494,False
Delhi,2020-02-05,344.0,1,0.17673419752497338,False
Delhi,2020-02-06,277.0,1,0.1841814529394064,False
Delhi,2020-02-07,307.0,1,0.1843697198826746,False
Delhi,2020-02-08,315.0,1,0.18419795977514736,False
Delhi,2020-02-09,310.0,1,0.1877904760682233,False
Delhi,2020-02-10,328.0,1,0.17138290129882933,False
Delhi,2020-02-11,347.0,1,0.1725819810019204,False
Delhi,2020-02-12,343.0,1,0.1760006730847618,False
Delhi,2020-02-13,279.0,1,0.18644188137073603,False
Delhi,2020-02-14,186.0,1,0.19405558092169423,False
Delhi,2020-02-15,174.0,1,0.1809818447680222,False
Delhi,2020-02-16,254.0,1,0.18613289061273147,False
Delhi,2020-02-17,323.0,1,0.18275761284898517,False
Delhi,2020-02-18,292.0,1,0.18519563470351097,False
Delhi,2020-02-19,300.0,1,0.18420359587287827,False
Delhi,2020-02-20,253.0,1,0.19383116928896643,False
Delhi,2020-02-21,170.0,1,0.17769929874882767,False
Delhi,2020-02-22,104.0,1,0.1583826016059276,False
Delhi,2020-02-23,221.0,1,0.18944095845643721,False
Delhi,2020-02-24,169.0,1,0.17438751433193828,False
Delhi,2020-02-25,244.0,1,0.18206966334001556,False
Delhi,2020-02-26,303.0,1,0.1892209990805036,False
Delhi,2020-02-27,270.0,1,0.19034142201064042,False
Delhi,2020-02-28,214.0,1,0.18785557916271384,False
Delhi,2020-02-29,144.0,1,0.1835751801994951,False
Delhi,2020-03-01,105.0,1,0.1623486155995389,False
Delhi,2020-03-02,192.0,1,0.17611639841551224,False
Delhi,2020-03-03,226.0,1,0.18627571931175707,False
Delhi,2020-03-04,200.0,1,0.19092438399325623,False
Delhi,2020-03-05,112.0,1,0.16221591554293768,False
Delhi,2020-03-06,82.0,1,0.1155736076032906,False
Delhi,2020-03-07,77.0,1,0.1497596804459353,False
Delhi,2020-03-08,156.0,1,0.18165016068006296,False
Delhi,2020-03-09,138.0,1,0.18027427089675346,False
Delhi,2020-03-10,186.0,1,0.1733254761230157,False
Delhi,2020-03-11,128.0,1,0.17553798386226022,False
Delhi,2020-03-12,125.0,1,0.17367171775874113,False
Delhi,2020-03-13,170.0,1,0.17916334040627158,False
Delhi,2020-03-14,131.0,1,0.16595974611921155,False
Delhi,2020-03-15,124.0,1,0.173175625770776,False
Delhi,2020-03-16,148.0,1,0.1781682794288072,False
Delhi,2020-03-17,164.0,1,0.18668681344639154,False
Delhi,2020-03-18,162.0,1,0.18717579584987915,False
Delhi,2020-03-19,191.0,1,0.1868876899952303,False
Delhi,2020-03-20,209.0,1,0.1835379867121652,False
Delhi,2020-03-21,205.0,1,0.18623679022283396,False
Delhi,2020-03-22,198.0,1,0.17137106720752676,False
Delhi,2020-03-23,127.0,1,0.15630709717133684,False
Delhi,2020-03-24,124.0,1,0.16051214363129468,False
Delhi,2020-03-25,92.0,1,0.1314299346600965,False
Delhi,2020-03-26,93.0,1,0.12113091054647951,False
Delhi,2020-03-27,76.0,1,0.08241231300429397,False
Delhi,2020-03-28,51.0,1,0.05847233185541034,False
Delhi,2020-03-29,64.0,1,0.08865152767411794,False
Delhi,2020-03-30,74.0,1,0.10409213875259166,False
Delhi,2020-03-31,81.0,1,0.11027079104513549,False
Delhi,2020-04-01,80.0,1,0.10811712523866085,False
Delhi,2020-04-02,78.0,1,0.10263781498191715,False
Delhi,2020-04-03,84.0,1,0.10836033069822099,False
Delhi,2020-04-04,90.0,1,0.13257999768839562,False
Delhi,2020-04-05,103.0,1,0.13966486426972186,False
Delhi,2020-04-06,134.0,1,0.1569361577487124,False
Delhi,2020-04-07,100.0,1,0.12479011484658253,False
Delhi,2020-04-08,91.0,1,0.1103306819536572,False
Delhi,2020-04-09,89.0,1,0.11510194572553722,False
Delhi,2020-04-10,111.0,1,0.15433036709375592,False
Delhi,2020-04-11,126.0,1,0.1340431591138878,False
Delhi,2020-04-12,102.0,1,0.1101174706984151,False
Delhi,2020-04-13,119.0,1,0.1342441810357386,False
Delhi,2020-04-14,134.0,1,0.15107111622207525,False
Delhi,2020-04-15,152.0,1,0.15756297469676522,False
Delhi,2020-04-16,172.0,1,0.15246206161018866,False
Delhi,2020-04-17,123.0,1,0.10767292724438027,False
Delhi,2020-04-18,102.0,1,0.11275777175374008,False
Delhi,2020-04-19,95.0,1,0.12460878126826203,False
Delhi,2020-04-20,115.0,1,0.1554565171855823,False
Delhi,2020-04-21,102.0,1,0.12026836593393708,False
Delhi,2020-04-22,122.0,1,0.14553485055362864,False
Delhi,2020-04-23,129.0,1,0.147682099432962,False
Delhi,2020-04-24,143.0,1,0.14618945670386413,False
Delhi,2020-04-25,121.0,1,0.11667698494767198,False
Delhi,2020-04-26,119.0,1,0.12483407256924156,False
Delhi,2020-04-27,98.0,1,0.08660697460687156,False
Delhi,2020-04-28,105.0,1,0.09666874419895549,False
Delhi,2020-04-29,123.0,1,0.11557996987093339,False
Delhi,2020-04-30,128.0,1,0.11721602056149882,False
Delhi,2020-05-01,140.0,1,0.12731856019415322,False
Delhi,2020-05-02,127.0,1,0.11254655144187753,False
Delhi,2020-05-03,110.0,1,0.11451380693819946,False
Delhi,2020-05-04,92.0,1,0.10067400127313603,False
Delhi,2020-05-05,117.0,1,0.13339094499090198,False
Delhi,2020-05-06,139.0,1,0.14122963786228127,False
Delhi,2020-05-07,140.0,1,0.09345499700170945,False
Delhi,2020-05-08,138.0,1,0.11652367820388082,False
Delhi,2020-05-09,142.0,1,0.10996460990582235,False
Delhi,2020-05-10,127.0,1,0.12060129379544715,False
Delhi,2020-05-11,113.0,1,0.11139494047703907,False
Delhi,2020-05-12,122.0,1,0.11074453596318701,False
Delhi,2020-05-13,132.0,1,0.14845825553143066,False
Delhi,2020-05-14,154.0,1,0.16380909824698803,False
Delhi,2020-05-15,125.0,1,0.14671834655635274,False
Delhi,2020-05-16,175.0,1,0.15361731759547398,False
Delhi,2020-05-17,202.0,1,0.16301304515104414,False
Delhi,2020-05-18,222.0,1,0.16897311122075803,False
Delhi,2020-05-19,238.0,1,0.18160956924781801,False
Delhi,2020-05-20,196.0,1,0.16785554218875376,False
Delhi,2020-05-21,149.0,1,0.15534272463433374,False
Delhi,2020-05-22,199.0,1,0.1572091857805854,False
Delhi,2020-05-23,202.0,1,0.18747450399858728,False
Delhi,2020-05-24,174.0,1,0.1622230984255017,False
Delhi,2020-05-25,157.0,1,0.1547858983161951,False
Delhi,2020-05-26,153.0,1,0.17061538876032356,False
Delhi,2020-05-27,156.0,1,0.140836855236309,False
Delhi,2020-05-28,174.0,1,0.12611397570131117,False
Delhi,2020-05-29,129.0,1,0.11873799996553008,False
Delhi,2020-05-30,84.0,1,0.09879209822640372,False
Delhi,2020-05-31,80.0,1,0.08836408515912614,False
Delhi,2020-06-01,100.0,1,0.13614365976986748,False
Delhi,2020-06-02,123.0,1,0.15516193868563977,False
Delhi,2020-06-03,123.0,1,0.155017229959951,False
Delhi,2020-06-04,144.0,1,0.16850679394605456,False
Delhi,2020-06-05,126.0,1,0.15971293793573382,False
Delhi,2020-06-06,102.0,1,0.13287576627297293,False
Delhi,2020-06-07,104.0,1,0.14626724251944745,False
Delhi,2020-06-08,112.0,1,0.14606234117753886,False
Delhi,2020-06-09,138.0,1,0.17752226132514226,False
Delhi,2020-06-10,154.0,1,0.1850317570609536,False
Delhi,2020-06-11,142.0,1,0.18349781307248048,False
Delhi,2020-06-12,152.0,1,0.18392157990396157,False
Delhi,2020-06-13,132.0,1,0.17292731646251852,False
Delhi,2020-06-14,147.0,1,0.16880742189320186,False
Delhi,2020-06-15,130.0,1,0.1650346494741058,False
Delhi,2020-06-16,126.0,1,0.15381356361995402,False
Delhi,2020-06-17,110.0,1,0.12905059370033445,False
Delhi,2020-06-18,107.0,1,0.13460692926141377,False
Delhi,2020-06-19,132.0,1,0.14313038348598955,False
Delhi,2020-06-20,158.0,1,0.14980512246300137,False
Delhi,2020-06-21,105.0,1,0.15698337213589264,False
Delhi,2020-06-22,104.0,1,0.1423386264499369,False
Delhi,2020-06-23,85.0,1,0.1139561329724425,False
Delhi,2020-06-24,71.0,1,0.10456486501322887,False
Delhi,2020-06-25,86.0,1,0.1304193559171582,False
Delhi,2020-06-26,104.0,1,0.1466926258527499,False
Delhi,2020-06-27,112.0,1,0.12236469517795207,False
Delhi,2020-06-28,196.0,1,0.09908283531730616,False
Delhi,2020-06-29,233.0,1,0.13766551471594896,False
Delhi,2020-06-30,114.0,1,0.1451168746930389,False
Gurugram,2020-01-01,429.0,1,0.034009085427963215,False
Gurugram,2020-01-02,419.0,1,0.05692802537446995,False
Gurugram,2020-01-03,390.0,1,0.12207919463737199,False
Gurugram,2020-01-04,308.0,1,0.18310826839659095,False
Gurugram,2020-01-05,326.0,1,0.1870540415889973,False
Gurugram,2020-01-06,315.0,1,0.1847987726449341,False
Gurugram,2020-01-07,234.0,1,0.1909915067911983,False
Gurugram,2020-01-08,198.0,1,0.1503987470929517,False
Gurugram,2020-01-09,160.0,1,0.16841422120034083,False
Gurugram,2020-01-10,160.0,1,0.18902160765430542,False
Gurugram,2020-01-11,242.0,1,0.2088827415886465,False
Gurugram,2020-01-12,311.0,1,0.18804037372430432,False
Gurugram,2020-01-13,328.0,1,0.18641780975521416,False
Gurugram,2020-01-14,244.0,1,0.18331654592829916,False
Gurugram,2020-01-15,174.0,1,0.2002207132945456,False
Gurugram,2020-01-16,247.0,1,0.20104845114211534,False
Gurugram,2020-01-17,259.0,1,0.18247421552182658,False
Gurugram,2020-01-18,176.0,1,0.19358517862710195,False
Gurugram,2020-01-19,214.0,1,0.2149097230250826,False
Gurugram,2020-01-20,175.0,1,0.21330330374981282,False
Gurugram,2020-01-21,276.0,1,0.2132019140936835,False
Gurugram,2020-01-22,313.0,1,0.19456460656263452,False
Gurugram,2020-01-23,193.0,1,0.17402333348170618,False
Gurugram,2020-01-24,102.0,1,0.139366348263954,False
Gurugram,2020-01-25,138.0,1,0.18316668124750174,False
Gurugram,2020-01-26,289.0,1,0.19283166492823994,False
Gurugram,2020-01-27,280.0,1,0.1979954193578179,False
Gurugram,2020-01-28,245.0,1,0.19903537048459358,False
Gurugram,2020-01-29,140.0,1,0.163924834756015,False
Gurugram,2020-01-30,112.0,1,0.17239083929955784,False
Gurugram,2020-01-31,112.0,1,0.17317569887074868,False
Gurugram,2020-02-01,159.0,1,0.17350379420482503,False
Gurugram,2020-02-02,144.0,1,0.17738287112023,False
Gurugram,2020-02-03,174.0,1,0.1880208013684852,False
Gurugram,2020-02-04,216.0,1,0.194588420209872,False
Gurugram,2020-02-05,285.0,1,0.1939825450440364,False
Gurugram,2020-02-06,198.0,1,0.19947549094106037,False
Gurugram,2020-02-07,245.0,1,0.17796386107455348,False
Gurugram,2020-02-08,260.0,1,0.20068421694338673,False
Gurugram,2020-02-09,254.0,1,0.20370876607952548,False
Gurugram,2020-02-10,275.0,1,0.1770258230776583,False
Gurugram,2020-02-11,316.0,1,0.16775410065617108,False
Gurugram,2020-02-12,302.0,1,0.16748994645848497,False
Gurugram,2020-02-13,190.0,1,0.14878912383756504,False
Gurugram,2020-02-14,128.0,1,0.135274509638583,False
Gurugram,2020-02-15,130.0,1,0.16813632553127028,False
Gurugram,2020-02-16,182.0,1,0.20230736219976547,False
Gurugram,2020-02-17,256.0,1,0.19081103426866025,False
Gurugram,2020-02-18,165.0,1,0.18280879257593396,False
Gurugram,2020-02-19,181.0,1,0.19418598098707562,False
Gurugram,2020-02-20,170.0,1,0.1542095121681608,False
Gurugram,2020-02-21,145.0,1,0.15121327366191428,False
Gurugram,2020-02-22,94.0,1,0.15902211527951193,False
Gurugram,2020-02-23,187.0,1,0.19961023099541636,False
Gurugram,2020-02-24,144.0,1,0.1925339474227668,False
Gurugram,2020-02-25,183.0,1,0.2184870655848571,False
Gurugram,2020-02-26,241.0,1,0.21336567565366893,False
Gurugram,2020-02-27,206.0,1,0.21010163580753555,False
Gurugram,2020-02-28,160.0,1,0.14905235127233296,False
Gurugram,2020-02-29,127.0,1,0.14723114474339988,False
Gurugram,2020-03-01,115.0,1,0.09464445763979518,False
Gurugram,2020-03-02,136.0,1,0.16793776518837744,False
Gurugram,2020-03-03,175.0,1,0.18854814941204567,False
Gurugram,2020-03-04,154.0,1,0.17394872113940096,False
Gurugram,2020-03-05,104.0,1,0.11982759908848806,False
Gurugram,2020-03-06,95.0,1,0.10339118189652585,False
Gurugram,2020-03-07,79.0,1,0.14797093689041746,False
Gurugram,2020-03-08,115.0,1,0.16552577039372957,False
Gurugram,2020-03-09,117.0,1,0.17482706265652354,False
Gurugram,2020-03-10,160.0,1,0.1692395915409604,False
Gurugram,2020-03-11,114.0,1,0.13644525915478828,False
Gurugram,2020-03-12,115.0,1,0.18247233309985134,False
Gurugram,2020-03-13,134.0,1,0.20206482354414296,False
Gurugram,2020-03-14,118.0,1,0.17250230699643704,False
Gurugram,2020-03-15,119.0,1,0.1602802178381995,False
Gurugram,2020-03-16,155.0,1,0.1801804748671808,False
Gurugram,2020-03-17,181.0,1,0.16224555241216515,False
Gurugram,2020-03-18,178.0,1,0.173015421571306,False
Gurugram,2020-03-19,175.0,1,0.16761949307913437,False
Gurugram,2020-03-20,176.0,1,0.16728109194942936,False
Gurugram,2020-03-21,154.0,1,0.14496857264636165,False
Gurugram,2020-03-22,168.0,1,0.1651512856761191,False
Gurugram,2020-03-23,124.0,1,0.1473668577043714,False
Gurugram,2020-03-24,122.0,1,0.1689314341171973,False
Gurugram,2020-03-25,86.0,1,0.15463418740767654,False
Gurugram,2020-03-26,65.0,1,0.15620403159473367,False
Gurugram,2020-03-27,59.0,1,0.13059214756621434,False
Gurugram,2020-03-28,62.0,1,0.11880924195773146,False
Gurugram,2020-03-29,68.0,1,0.10076128028957437,False
Gurugram,2020-03-30,80.0,1,0.10633458482322622,False
Gurugram,2020-03-31,80.0,1,0.09816595732881361,False
Gurugram,2020-04-01,81.0,1,0.1179112164084285,False
Gurugram,2020-04-02,81.0,1,0.10490557771651243,False
Gurugram,2020-04-03,95.0,1,0.09172617575421133,False
Gurugram,2020-04-04,93.0,1,0.12263168455091622,False
Gurugram,2020-04-05,99.0,1,0.14460080423552918,False
Gurugram,2020-04-06,106.0,1,0.15236480118472373,False
Gurugram,2020-04-07,94.0,1,0.11750808408051933,False
Gurugram,2020-04-08,96.0,1,0.10240888743214599,False
Gurugram,2020-04-09,101.0,1,0.10426941321483224,False
Gurugram,2020-04-10,105.0,1,0.15492278341030913,False
Gurugram,2020-04-11,127.0,1,0.1357638643732798,False
Gurugram,2020-04-12,107.0,1,0.10341028480496367,False
Gurugram,2020-04-13,114.0,1,0.16147820918873157,False
Gurugram,2020-04-14,122.0,1,0.17755571252406877,False
Gurugram,2020-04-15,138.0,1,0.2026938728416131,False
Gurugram,2020-04-16,157.0,1,0.17691228058151381,False
Gurugram,2020-04-17,120.0,1,0.09756073218998018,False
Gurugram,2020-04-18,107.0,1,0.10437840480876781,False
Gurugram,2020-04-19,109.0,1,0.11398438996001065,False
Gurugram,2020-04-20,99.0,1,0.1753073304736728,False
Gurugram,2020-04-21,105.0,1,0.1145628285737289,False
Gurugram,2020-04-22,120.0,1,0.13119052226580374,False
Gurugram,2020-04-23,113.0,1,0.16190022936012438,False
Gurugram,2020-04-24,124.0,1,0.13613984155289555,False
Gurugram,2020-04-25,121.0,1,0.09606272900648238,False
Gurugram,2020-04-26,113.0,1,0.15048073826285407,False
Gurugram,2020-04-27,103.0,1,0.09830845881338363,False
Gurugram,2020-04-28,118.0,1,0.0992612528639194,False
Gurugram,2020-04-29,126.0,1,0.13908476867306896,False
Gurugram,2020-04-30,141.0,1,0.13855930875628097,False
Gurugram,2020-05-01,155.0,1,0.12185737700019,False
Gurugram,2020-05-02,152.0,1,0.08387397306959865,False
Gurugram,2020-05-03,126.0,1,0.10835720730203785,False
Gurugram,2020-05-04,94.0,1,0.09928105842998913,False
Gurugram,2020-05-05,130.0,1,0.12899363087587506,False
Gurugram,2020-05-06,143.0,1,0.13373001435698229,False
Gurugram,2020-05-07,138.0,1,0.09663054543237459,False
Gurugram,2020-05-08,144.0,1,0.09665820221292415,False
Gurugram,2020-05-09,166.0,1,0.08670139584632497,False
Gurugram,2020-05-10,154.0,1,0.10933146474568817,False
Gurugram,2020-05-11,113.0,1,0.12104122964326774,False
Gurugram,2020-05-12,133.0,1,0.10745802328014048,False
Gurugram,2020-05-13,133.0,1,0.12626400855646785,False
Gurugram,2020-05-14,147.0,1,0.13787633375271008,False
Gurugram,2020-05-15,155.0,1,0.09704502816871635,False
Gurugram,2020-05-16,208.0,1,0.09195180183027069,False
Gurugram,2020-05-17,184.0,1,0.15085322587280564,False
Gurugram,2020-05-18,160.0,1,0.14430400824026773,False
Gurugram,2020-05-19,160.0,1,0.16354209231396966,False
Gurugram,2020-05-20,167.0,1,0.13246280703802094,False
Gurugram,2020-05-21,141.0,1,0.13718795790415095,False
Gurugram,2020-05-22,152.0,1,0.1851862630059301,False
Gurugram,2020-05-23,146.0,1,0.19833768653719347,False
Gurugram,2020-05-24,150.0,1,0.18530534899723966,False
Gurugram,2020-05-25,139.0,1,0.18159990342834503,False
Gurugram,2020-05-26,140.0,1,0.22028443026851435,False
Gurugram,2020-05-27,162.0,1,0.1591786364164985,False
Gurugram,2020-05-28,202.0,1,0.13351771495708792,False
Gurugram,2020-05-29,166.0,1,0.10112269498750043,False
Gurugram,2020-05-30,86.0,1,0.10841844071960804,False
Gurugram,2020-05-31,105.0,1,0.10582634213613756,False
Gurugram,2020-06-01,133.0,1,0.11037804859750688,False
Gurugram,2020-06-02,156.0,1,0.14769940060275422,False
Gurugram,2020-06-03,135.0,1,0.14137648256017377,False
Gurugram,2020-06-04,130.0,1,0.18646572538532502,False
Gurugram,2020-06-05,121.0,1,0.13449074063881405,False
Gurugram,2020-06-06,110.0,1,0.12463301056066228,False
Gurugram,2020-06-07,122.0,1,0.12925022884460274,False
Gurugram,2020-06-08,133.0,1,0.1256781492471779,False
Gurugram,2020-06-09,141.0,1,0.135878816621754,False
Gurugram,2020-06-10,135.0,1,0.1502477996188844,False
Gurugram,2020-06-11,122.0,1,0.1276653875339261,False
Gurugram,2020-06-12,147.0,1,0.12050795686786353,False
Gurugram,2020-06-13,158.0,1,0.10789988033018616,False
Gurugram,2020-06-14,157.0,1,0.11824900413647799,False
Gurugram,2020-06-15,155.0,1,0.10001112369829873,False
Gurugram,2020-06-16,128.0,1,0.11193615546510677,False
Gurugram,2020-06-17,128.0,1,0.10472309866937857,False
Gurugram,2020-06-18,122.0,1,0.13470257058072954,False
Gurugram,2020-06-19,148.0,1,0.1512135252472211,False
Gurugram,2020-06-20,172.0,1,0.1858867557450395,False
Gurugram,2020-06-21,132.0,1,0.1330777921184888,False
Gurugram,2020-06-22,134.0,1,0.10667652105628617,False
Gurugram,2020-06-23,108.0,1,0.1403225823902614,False
Gurugram,2020-06-24,86.0,1,0.14759144955053916,False
Gurugram,2020-06-25,102.0,1,0.16742877754372237,False
Gurugram,2020-06-26,122.0,1,0.20332248164219285,False
Gurugram,2020-06-27,121.0,1,0.20454443601941352,False
Gurugram,2020-06-28,153.0,1,0.18721197389864003,False
Gurugram,2020-06-29,140.0,1,0.20667714323145037,False
Gurugram,2020-06-30,131.0,1,0.15373678844124805,False
Hyderabad,2020-01-01,82.0,1,0.175352924634589,False
Hyderabad,2020-01-02,64.0,1,0.16285817946491327,False
Hyderabad,2020-01-03,64.0,1,0.1750261977573772,False
Hyderabad,2020-01-04,87.0,1,0.18410087848821322,False
Hyderabad,2020-01-05,112.0,1,0.15472951905774812,False
Hyderabad,2020-01-06,125.0,1,0.18755732482058096,False
Hyderabad,2020-01-07,93.0,1,0.19078471862723395,False
Hyderabad,2020-01-08,82.0,1,0.18734468985955405,False
Hyderabad,2020-01-09,84.0,1,0.18259438061444877,False
Hyderabad,2020-01-10,123.0,1,0.17337998491985274,False
Hyderabad,2020-01-11,149.0,1,0.1543268394980763,False
Hyderabad,2020-01-12,140.0,1,0.15798724560079846,False
Hyderabad,2020-01-13,128.0,1,0.17240873166866238,False
Hyderabad,2020-01-14,134.0,1,0.16440749799629967,False
Hyderabad,2020-01-15,119.0,1,0.17847015059666105,False
Hyderabad,2020-01-16,76.0,1,0.1796683059072237,False
Hyderabad,2020-01-17,66.0,1,0.1812649195849479,False
Hyderabad,2020-01-18,69.0,1,0.17816517792124903,False
Hyderabad,2020-01-19,74.0,1,0.1777581029637661,False
Hyderabad,2020-01-20,77.0,1,0.1847678559088805,False
Hyderabad,2020-01-21,84.0,1,0.18713544030584844,False
Hyderabad,2020-01-22,84.0,1,0.18932779824285023,False
Hyderabad,2020-01-23,106.0,1,0.17192598518744467,False
Hyderabad,2020-01-24,125.0,1,0.16107814498619832,False
Hyderabad,2020-01-25,133.0,1,0.1594755684967068,False
Hyderabad,2020-01-26,131.0,1,0.16989049955776353,False
Hyderabad,2020-01-27,128.0,1,0.1854481205511092,False
Hyderabad,2020-01-28,107.0,1,0.18550557989032584,False
Hyderabad,2020-01-29,128.0,1,0.17013501307938939,False
Hyderabad,2020-01-30,126.0,1,0.16287271713438328,False
Hyderabad,2020-01-31,141.0,1,0.17266570629488415,False
Hyderabad,2020-02-01,99.0,1,0.17006171950888394,False
Hyderabad,2020-02-02,77.0,1,0.180769220722504,False
Hyderabad,2020-02-03,76.0,1,0.17214461436224937,False
Hyderabad,2020-02-04,71.0,1,0.1788696833366767,False
Hyderabad,2020-02-05,70.0,1,0.17266196361269898,False
Hyderabad,2020-02-06,80.0,1,0.1639569918036986,False
Hyderabad,2020-02-07,80.0,1,0.18192950754455334,False
Hyderabad,2020-02-08,79.0,1,0.18248754720127586,False
Hyderabad,2020-02-09,82.0,1,0.17324857373480312,False
Hyderabad,2020-02-10,68.0,1,0.1702078216847316,False
Hyderabad,2020-02-11,75.0,1,0.18400593743023658,False
Hyderabad,2020-02-12,94.0,1,0.18639109663203496,False
Hyderabad,2020-02-13,122.0,1,0.17890208415992426,False
Hyderabad,2020-02-14,146.0,1,0.10139202493038824,False
Hyderabad,2020-02-15,154.0,1,0.13793696209301864,False
Hyderabad,2020-02-16,140.0,1,0.17142842026357563,False
Hyderabad,2020-02-17,126.0,1,0.1714527832158942,False
Hyderabad,2020-02-18,116.0,1,0.16815765467006344,False
Hyderabad,2020-02-19,112.0,1,0.186030206007624,False
Hyderabad,2020-02-20,97.0,1,0.19183144843743694,False
Hyderabad,2020-02-21,86.0,1,0.18417407174841816,False
Hyderabad,2020-02-22,72.0,1,0.1819005624598108,False
Hyderabad,2020-02-23,68.0,1,0.1799365062797459,False
Hyderabad,2020-02-24,70.0,1,0.17840079245566026,False
Hyderabad,2020-02-25,86.0,1,0.18092321809954437,False
Hyderabad,2020-02-26,112.0,1,0.16780422826841823,False
Hyderabad,2020-02-27,108.0,1,0.17705006937969092,False
Hyderabad,2020-02-28,97.0,1,0.18883692499044835,False
Hyderabad,2020-02-29,91.0,1,0.19098428692034097,False
Hyderabad,2020-03-01,92.0,1,0.19115006823455044,False
Hyderabad,2020-03-02,95.0,1,0.19603164980067972,False
Hyderabad,2020-03-03,97.0,1,0.19263550237416016,False
Hyderabad,2020-03-04,106.0,1,0.19124342930117877,False
Hyderabad,2020-03-05,113.0,1,0.17269169581981858,False
Hyderabad,2020-03-06,100.0,1,0.1884753915634398,False
Hyderabad,2020-03-07,85.0,1,0.18636417113501863,False
Hyderabad,2020-03-08,77.0,1,0.1813106630224402,False
Hyderabad,2020-03-09,70.0,1,0.17418627414289012,False
Hyderabad,2020-03-10,65.0,1,0.17494615808065217,False
Hyderabad,2020-03-11,62.0,1,0.1771259331146795,False
Hyderabad,2020-03-12,78.0,1,0.18616957297823983,False
Hyderabad,2020-03-13,79.0,1,0.18045135483711183,False
Hyderabad,2020-03-14,75.0,1,0.18369282871613557,False
Hyderabad,2020-03-15,82.0,1,0.18457476098029357,False
Hyderabad,2020-03-16,71.0,1,0.17425227517589814,False
Hyderabad,2020-03-17,67.0,1,0.16860283112148033,False
Hyderabad,2020-03-18,67.0,1,0.17169055763339275,False
Hyderabad,2020-03-19,87.0,1,0.19244796405411518,False
Hyderabad,2020-03-20,79.0,1,0.18686215063673717,False
Hyderabad,2020-03-21,84.0,1,0.18851226273403204,False
Hyderabad,2020-03-22,102.0,1,0.1941561667237116,False
Hyderabad,2020-03-23,73.0,1,0.17947329083907432,False
Hyderabad,2020-03-24,66.0,1,0.17293565486376644,False
Hyderabad,2020-03-25,60.0,1,0.1738235893821815,False
Hyderabad,2020-03-26,59.0,1,0.16847394822867956,False
Hyderabad,2020-03-27,65.0,1,0.16597811699079718,False
Hyderabad,2020-03-28,70.0,1,0.16486912589541453,False
Hyderabad,2020-03-29,75.0,1,0.17567166427133257,False
Hyderabad,2020-03-30,72.0,1,0.17702853855852674,False
Hyderabad,2020-03-31,68.0,1,0.1733540016123718,False
Hyderabad,2020-04-01,87.0,1,0.18724460085209638,False
Hyderabad,2020-04-02,88.0,1,0.18748296267178666,False
Hyderabad,2020-04-03,73.0,1,0.17706287735077736,False
Hyderabad,2020-04-04,67.0,1,0.17925315317417678,False
Hyderabad,2020-04-05,66.0,1,0.1716589204804171,False
Hyderabad,2020-04-06,64.0,1,0.1764990743655115,False
Hyderabad,2020-04-07,77.0,1,0.14811455465858536,False
Hyderabad,2020-04-08,56.0,1,0.14556522395235022,False
Hyderabad,2020-04-09,59.0,1,0.16832801293266986,False
Hyderabad,2020-04-10,62.0,1,0.15415984018313122,False
Hyderabad,2020-04-11,55.0,1,0.16673758182242943,False
Hyderabad,2020-04-12,61.0,1,0.17072995851052714,False
Hyderabad,2020-04-13,68.0,1,0.1697018412535793,False
Hyderabad,2020-04-14,74.0,1,0.17429858985857355,False
Hyderabad,2020-04-15,74.0,1,0.17568412472833111,False
Hyderabad,2020-04-16,70.0,1,0.17320622297855226,False
Hyderabad,2020-04-17,74.0,1,0.18299722890030645,False
Hyderabad,2020-04-18,75.0,1,0.17784420596712647,False
Hyderabad,2020-04-19,67.0,1,0.1816805514127931,False
Hyderabad,2020-04-20,58.0,1,0.1766714099850356,False
Hyderabad,2020-04-21,54.0,1,0.15355077774836934,False
Hyderabad,2020-04-22,50.0,1,0.16171044134709894,False
Hyderabad,2020-04-23,53.0,1,0.16985182586129982,False
Hyderabad,2020-04-24,63.0,1,0.17303369127388196,False
Hyderabad,2020-04-25,62.0,1,0.18300855532135452,False
Hyderabad,2020-04-26,71.0,1,0.17477825915611306,False
Hyderabad,2020-04-27,56.0,1,0.1676897512901061,False
Hyderabad,2020-04-28,56.0,1,0.16652005810796444,False
Hyderabad,2020-04-29,51.0,1,0.15461219268042026,False
Hyderabad,2020-04-30,59.0,1,0.16176425097944658,False
Hyderabad,2020-05-01,67.0,1,0.16777037581364118,False
Hyderabad,2020-05-02,54.0,1,0.1665973145183342,False
Hyderabad,2020-05-03,70.0,1,0.18103617269015676,False
Hyderabad,2020-05-04,77.0,1,0.1794073897684369,False
Hyderabad,2020-05-05,71.0,1,0.1760176004964591,False
Hyderabad,2020-05-06,73.0,1,0.17644395122853196,False
Hyderabad,2020-05-07,59.0,1,0.17340823689786733,False
Hyderabad,2020-05-08,65.0,1,0.1775902324630262,False
Hyderabad,2020-05-09,69.0,1,0.17834918828658147,False
Hyderabad,2020-05-10,65.0,1,0.1702716594511906,False
Hyderabad,2020-05-11,83.0,1,0.1889094761231097,False
Hyderabad,2020-05-12,74.0,1,0.18134462535714624,False
Hyderabad,2020-05-13,64.0,1,0.17767638631013344,False
Hyderabad,2020-05-14,60.0,1,0.17978154049829365,False
Hyderabad,2020-05-15,60.0,1,0.18003345451454572,False
Hyderabad,2020-05-16,67.0,1,0.17829800647853056,False
Hyderabad,2020-05-17,70.0,1,0.1831659204804788,False
Hyderabad,2020-05-18,72.0,1,0.17817541449327357,False
Hyderabad,2020-05-19,93.0,1,0.17871651688097295,False
Hyderabad,2020-05-20,106.0,1,0.15444331300870506,False
Hyderabad,2020-05-21,109.0,1,0.1675043712845899,False
Hyderabad,2020-05-22,114.0,1,0.16517148643020485,False
Hyderabad,2020-05-23,122.0,1,0.16609549500646886,False
Hyderabad,2020-05-24,116.0,1,0.17985434753103285,False
Hyderabad,2020-05-25,102.0,1,0.1908325280096277,False
Hyderabad,2020-05-26,89.0,1,0.18607588862178165,False
Hyderabad,2020-05-27,87.0,1,0.17623047893779564,False
Hyderabad,2020-05-28,86.0,1,0.18078719466034004,False
Hyderabad,2020-05-29,84.0,1,0.17623883254642786,False
Hyderabad,2020-05-30,65.0,1,0.17699615490943665,False
Hyderabad,2020-05-31,67.0,1,0.17321457595745782,False
Hyderabad,2020-06-01,55.0,1,0.1579397757699616,False
Hyderabad,2020-06-02,79.0,1,0.15853321410926502,False
Hyderabad,2020-06-03,38.0,1,0.13831423096379863,False
Hyderabad,2020-06-04,33.0,1,0.15018184807541607,False
Hyderabad,2020-06-05,38.0,1,0.15754610690383647,False
Hyderabad,2020-06-06,58.0,1,0.1579793271381918,False
Hyderabad,2020-06-07,64.0,1,0.1692277852607555,False
Hyderabad,2020-06-08,54.0,1,0.15680045548131066,False
Hyderabad,2020-06-09,57.0,1,0.16637696636432414,False
Hyderabad,2020-06-10,48.0,1,0.16718392517891328,False
Hyderabad,2020-06-11,42.0,1,0.15063184685102077,False
Hyderabad,2020-06-12,42.0,1,0.160316066238328,False
Hyderabad,2020-06-13,38.0,1,0.13532985391706948,False
Hyderabad,2020-06-14,32.0,1,0.1302032215999176,False
Hyderabad,2020-06-15,33.0,1,0.14856228881246603,False
Hyderabad,2020-06-16,31.0,1,0.1178981482776742,False
Hyderabad,2020-06-17,29.0,1,0.123046212005194,False
Hyderabad,2020-06-18,30.0,1,0.14275711762055676,False
Hyderabad,2020-06-19,37.0,1,0.14172932551839917,False
Hyderabad,2020-06-20,52.0,1,0.16295827889930037,False
Hyderabad,2020-06-21,56.0,1,0.1633379415192886,False
Hyderabad,2020-06-22,60.0,1,0.16975263691128933,False
Hyderabad,2020-06-23,51.0,1,0.16943680156283758,False
Hyderabad,2020-06-24,51.0,1,0.16629454589117743,False
Hyderabad,2020-06-25,52.0,1,0.16787665822806846,False
Hyderabad,2020-06-26,52.0,1,0.17138802446384216,False
Hyderabad,2020-06-27,58.0,1,0.17504616467599265,False
Hyderabad,2020-06-28,49.0,1,0.16536288859853687,False
Hyderabad,2020-06-29,47.0,1,0.1587416139654495,False
Hyderabad,2020-06-30,46.0,1,0.15990767507262327,False
Jaipur,2020-01-01,154.0,1,0.20668159399925756,False
Jaipur,2020-01-02,153.0,1,0.21095203303314292,False
Jaipur,2020-01-03,108.0,1,0.2113058439561316,False
Jaipur,2020-01-04,111.0,1,0.19510225715465507,False
Jaipur,2020-01-05,138.0,1,0.18182042372474133,False
Jaipur,2020-01-06,129.0,1,0.20284545560908085,False
Jaipur,2020-01-07,106.0,1,0.22259620609162256,False
Jaipur,2020-01-08,113.0,1,0.22419919915778463,False
Jaipur,2020-01-09,92.0,1,0.18920324093240454,False
Jaipur,2020-01-10,90.0,1,0.19188513342851932,False
Jaipur,2020-01-11,112.0,1,0.16170686046020555,False
Jaipur,2020-01-12,121.0,1,0.1653691933312007,False
Jaipur,2020-01-13,126.0,1,0.20220780460351845,False
Jaipur,2020-01-14,108.0,1,0.21213564153671682,False
Jaipur,2020-01-15,100.0,1,0.218359678986507,False
Jaipur,2020-01-16,92.0,1,0.21291330079955378,False
Jaipur,2020-01-17,99.0,1,0.16280189584057875,False
Jaipur,2020-01-18,116.0,1,0.19560415874094333,False
Jaipur,2020-01-19,114.0,1,0.19567953831243567,False
Jaipur,2020-01-20,136.0,1,0.18795465501239433,False
Jaipur,2020-01-21,108.0,1,0.21816472219311123,False
Jaipur,2020-01-22,106.0,1,0.21804091735335251,False
Jaipur,2020-01-23,97.0,1,0.19171096132120785,False
Jaipur,2020-01-24,106.0,1,0.1863989916193351,False
Jaipur,2020-01-25,114.0,1,0.14768554122423994,False
Jaipur,2020-01-26,159.0,1,0.1725311832655113,False
Jaipur,2020-01-27,115.0,1,0.1671422261775415,False
Jaipur,2020-01-28,94.0,1,0.21155231109485806,False
Jaipur,2020-01-29,91.0,1,0.16030941867574572,False
Jaipur,2020-01-30,88.0,1,0.1839603227684044,False
Jaipur,2020-01-31,90.0,1,0.18823625500255303,False
Jaipur,2020-02-01,104.0,1,0.20605942913795217,False
Jaipur,2020-02-02,109.0,1,0.20046988120482317,False
Jaipur,2020-02-03,116.0,1,0.2087664670485863,False
Jaipur,2020-02-04,108.0,1,0.21117984553520625,False
Jaipur,2020-02-05,106.0,1,0.18702936559249528,False
Jaipur,2020-02-06,117.0,1,0.2025708110865314,False
Jaipur,2020-02-07,114.0,1,0.2103042894276444,False
Jaipur,2020-02-08,110.0,1,0.17430926744820485,False
Jaipur,2020-02-09,111.0,1,0.18468789086940257,False
Jaipur,2020-02-10,150.0,1,0.15521388462920177,False
Jaipur,2020-02-11,132.0,1,0.15220316455250504,False
Jaipur,2020-02-12,150.0,1,0.16231247819717248,False
Jaipur,2020-02-13,163.0,1,0.15114261961621983,False
Jaipur,2020-02-14,147.0,1,0.18959775625643083,False
Jaipur,2020-02-15,134.0,1,0.13358904307544767,False
Jaipur,2020-02-16,133.0,1,0.1510337719332086,False
Jaipur,2020-02-17,159.0,1,0.11531228138260646,False
Jaipur,2020-02-18,160.0,1,0.085439385079778,False
Jaipur,2020-02-19,179.0,1,0.11056586404037527,False
Jaipur,2020-02-20,104.0,1,0.17524834636333447,False
Jaipur,2020-02-21,132.0,1,0.19353888392525365,False
Jaipur,2020-02-22,106.0,1,0.21499225007185535,False
Jaipur,2020-02-23,107.0,1,0.21217873155495526,False
Jaipur,2020-02-24,102.0,1,0.16994380327025588,False
Jaipur,2020-02-25,127.0,1,0.18419289697758578,False
Jaipur,2020-02-26,115.0,1,0.18397935247427616,False
Jaipur,2020-02-27,111.0,1,0.19405231436790582,False
Jaipur,2020-02-28,116.0,1,0.21221157513220007,False
Jaipur,2020-02-29,110.0,1,0.20141372130048202,False
Jaipur,2020-03-01,113.0,1,0.17722268759234516,False
Jaipur,2020-03-02,95.0,1,0.1652797021182939,False
Jaipur,2020-03-03,115.0,1,0.19644203548658168,False
Jaipur,2020-03-04,117.0,1,0.1859814793924192,False
Jaipur,2020-03-05,88.0,1,0.159755690744945,False
Jaipur,2020-03-06,83.0,1,0.17338794212390063,False
Jaipur,2020-03-07,88.0,1,0.16660307112415068,False
Jaipur,2020-03-08,92.0,1,0.16510738415088705,False
Jaipur,2020-03-09,100.0,1,0.18170349521016177,False
Jaipur,2020-03-10,96.0,1,0.16024709095050893,False
Jaipur,2020-03-11,90.0,1,0.16744534522132865,False
Jaipur,2020-03-12,104.0,1,0.2138725079684416,False
Jaipur,2020-03-13,144.0,1,0.12843979808383427,False
Jaipur,2020-03-14,199.0,1,0.1629319006999851,False
Jaipur,2020-03-15,132.0,1,0.12092365121037452,False
Jaipur,2020-03-16,127.0,1,0.12545321035155743,False
Jaipur,2020-03-17,133.0,1,0.14477562910443242,False
Jaipur,2020-03-18,123.0,1,0.15326595306015756,False
Jaipur,2020-03-19,122.0,1,0.17577189359508405,False
Jaipur,2020-03-20,116.0,1,0.12680614154238495,False
Jaipur,2020-03-21,108.0,1,0.13216210947682588,False
Jaipur,2020-03-22,100.0,1,0.1303008352785343,False
Jaipur,2020-03-23,90.0,1,0.16266892161585128,False
Jaipur,2020-03-24,92.0,1,0.1845504614881931,False
Jaipur,2020-03-25,73.0,1,0.16955327186603414,False
Jaipur,2020-03-26,57.0,1,0.08583223273240137,False
Jaipur,2020-03-27,52.0,1,0.08640640658852794,False
Jaipur,2020-03-28,67.0,1,0.11187327055009622,False
Jaipur,2020-03-29,71.0,1,0.0712914889206907,False
Jaipur,2020-03-30,72.0,1,0.0862872921502531,False
Jaipur,2020-03-31,70.0,1,0.14692487292070194,False
Jaipur,2020-04-01,79.0,1,0.14073422422303522,False
Jaipur,2020-04-02,71.0,1,0.09432099081432488,False
Jaipur,2020-04-03,74.0,1,0.057273165670482906,False
Jaipur,2020-04-04,76.0,1,0.1343701513661279,False
Jaipur,2020-04-05,79.0,1,0.12130141839232411,False
Jaipur,2020-04-06,79.0,1,0.14280389057160303,False
Jaipur,2020-04-07,80.0,1,0.14559193260246006,False
Jaipur,2020-04-08,78.0,1,0.11142357939203096,False
Jaipur,2020-04-09,78.0,1,0.11275635940011342,False
Jaipur,2020-04-10,76.0,1,0.12433792192197018,False
Jaipur,2020-04-11,79.0,1,0.1596303443841703,False
Jaipur,2020-04-12,86.0,1,0.1554872073554583,False
Jaipur,2020-04-13,83.0,1,0.19076915610660966,False
Jaipur,2020-04-14,113.0,1,0.20722160086033026,False
Jaipur,2020-04-15,100.0,1,0.19618411370441274,False
Jaipur,2020-04-16,93.0,1,0.14021236672764736,False
Jaipur,2020-04-17,120.0,1,0.17729609349926034,False
Jaipur,2020-04-18,125.0,1,0.1854036398931681,False
Jaipur,2020-04-19,110.0,1,0.1458865293826468,False
Jaipur,2020-04-20,76.0,1,0.13865084590761767,False
Jaipur,2020-04-21,77.0,1,0.09483166765306161,False
Jaipur,2020-04-22,85.0,1,0.11732723373159432,False
Jaipur,2020-04-23,78.0,1,0.1477099358059244,False
Jaipur,2020-04-24,68.0,1,0.16092544397645048,False
Jaipur,2020-04-25,69.0,1,0.15049032913637878,False
Jaipur,2020-04-26,85.0,1,0.18329801226880926,False
Jaipur,2020-04-27,74.0,1,0.14484992285762088,False
Jaipur,2020-04-28,79.0,1,0.1368823870012379,False
Jaipur,2020-04-29,84.0,1,0.12806506433461035,False
Jaipur,2020-04-30,132.0,1,0.17280810784899797,False
Jaipur,2020-05-01,119.0,1,0.20469317476032373,False
Jaipur,2020-05-02,100.0,1,0.1665424934169174,False
Jaipur,2020-05-03,107.0,1,0.19171582491598638,False
Jaipur,2020-05-04,85.0,1,0.14551806707459275,False
Jaipur,2020-05-05,82.0,1,0.13683558414576263,False
Jaipur,2020-05-06,75.0,1,0.15310984724106436,False
Jaipur,2020-05-07,81.0,1,0.1687019015264074,False
Jaipur,2020-05-08,89.0,1,0.17740730542652738,False
Jaipur,2020-05-09,112.0,1,0.21318247390177048,False
Jaipur,2020-05-10,110.0,1,0.1941094851533961,False
Jaipur,2020-05-11,125.0,1,0.1753596030659098,False
Jaipur,2020-05-12,91.0,1,0.15943545310585122,False
Jaipur,2020-05-13,132.0,1,0.14983133450545438,False
Jaipur,2020-05-14,124.0,1,0.16666904061174032,False
Jaipur,2020-05-15,100.0,1,0.17155026117673183,False
Jaipur,2020-05-16,116.0,1,0.13113057612721524,False
Jaipur,2020-05-17,106.0,1,0.18452861145744304,False
Jaipur,2020-05-18,121.0,1,0.17928506511752146,False
Jaipur,2020-05-19,136.0,1,0.19455168836391357,False
Jaipur,2020-05-20,127.0,1,0.15875045041201413,False
Jaipur,2020-05-21,110.0,1,0.20628515337977682,False
Jaipur,2020-05-22,119.0,1,0.2149862980221472,False
Jaipur,2020-05-23,143.0,1,0.20508913019486824,False
Jaipur,2020-05-24,140.0,1,0.20614024174445217,False
Jaipur,2020-05-25,124.0,1,0.21658319702129852,False
Jaipur,2020-05-26,119.0,1,0.20937750140869815,False
Jaipur,2020-05-27,126.0,1,0.19639433809224,False
Jaipur,2020-05-28,145.0,1,0.18685946935601633,False
Jaipur,2020-05-29,150.0,1,0.16155682763800527,False
Jaipur,2020-05-30,115.0,1,0.15506249418589835,False
Jaipur,2020-05-31,82.0,1,0.15202592709164753,False
Jaipur,2020-06-01,93.0,1,0.13733977349249765,False
Jaipur,2020-06-02,106.0,1,0.15414414241911634,False
Jaipur,2020-06-03,94.0,1,0.1666918786179024,False
Jaipur,2020-06-04,84.0,1,0.165155009110243,False
Jaipur,2020-06-05,89.0,1,0.1272468573645541,False
Jaipur,2020-06-06,84.0,1,0.1540905963455534,False
Jaipur,2020-06-07,80.0,1,0.168072989520264,False
Jaipur,2020-06-08,79.0,1,0.18988380935108756,False
Jaipur,2020-06-09,90.0,1,0.1869432300572788,False
Jaipur,2020-06-10,85.0,1,0.19153088591287426,False
Jaipur,2020-06-11,92.0,1,0.19477901040586998,False
Jaipur,2020-06-12,103.0,1,0.19248069838172277,False
Jaipur,2020-06-13,108.0,1,0.16739010014898364,False
Jaipur,2020-06-14,96.0,1,0.1735320373316382,False
Jaipur,2020-06-15,97.0,1,0.17770744102452407,False
Jaipur,2020-06-16,108.0,1,0.17527248425956615,False
Jaipur,2020-06-17,108.0,1,0.182842310445039,False
Jaipur,2020-06-18,110.0,1,0.21101877384011863,False
Jaipur,2020-06-19,108.0,1,0.1991336650409456,False
Jaipur,2020-06-20,121.0,1,0.18822703747912173,False
Jaipur,2020-06-21,96.0,1,0.1867386121152989,False
Jaipur,2020-06-22,80.0,1,0.18730115600432312,False
Jaipur,2020-06-23,80.0,1,0.15454701817937477,False
Jaipur,2020-06-24,72.0,1,0.1678221924801458,False
Jaipur,2020-06-25,76.0,1,0.1626667650261489,False
Jaipur,2020-06-26,172.0,1,0.18665581259954833,False
Jaipur,2020-06-27,89.0,1,0.18993929380432217,False
Jaipur,2020-06-28,75.0,1,0.16750809890750273,False
Jaipur,2020-06-29,69.0,1,0.18808025931695083,False
Jaipur,2020-06-30,79.0,1,0.17945872379627714,False
Kolkata,2020-01-01,298.0,1,0.03755802140918352,False
Kolkata,2020-01-02,267.0,1,0.09296455693590483,False
Kolkata,2020-01-03,201.0,1,0.10416547891493078,False
Kolkata,2020-01-04,91.0,1,0.1015762255134115,False
Kolkata,2020-01-05,182.0,1,0.06576909634198391,False
Kolkata,2020-01-06,217.0,1,0.11644634846316121,False
Kolkata,2020-01-07,203.0,1,0.13550732777800645,False
Kolkata,2020-01-08,264.0,1,0.13203796204541446,False
Kolkata,2020-01-09,200.0,1,0.1275158829325856,False
Kolkata,2020-01-10,179.0,1,0.12176408399970401,False
Kolkata,2020-01-11,162.0,1,0.13344897410961226,False
Kolkata,2020-01-12,194.0,1,0.1484474068084512,False
Kolkata,2020-01-13,184.0,1,0.13896432696078298,False
Kolkata,2020-01-14,286.0,1,0.061293436014949854,False
Kolkata,2020-01-15,338.0,1,0.03319454532971966,False
Kolkata,2020-01-16,347.0,1,0.08339270512777797,False
Kolkata,2020-01-17,277.0,1,0.13780194587410666,False
Kolkata,2020-01-18,219.0,1,0.13259504311864356,False
Kolkata,2020-01-19,196.0,1,0.1514173919682551,False
Kolkata,2020-01-20,148.0,1,0.14823208854529113,False
Kolkata,2020-01-21,172.0,1,0.14089723483221134,False
Kolkata,2020-01-22,229.0,1,0.1372668656285484,False
Kolkata,2020-01-23,260.0,1,0.13196388972870265,False
Kolkata,2020-01-24,248.0,1,0.12993244429612077,False
Kolkata,2020-01-25,157.0,1,0.11123173533234326,False
Kolkata,2020-01-26,234.0,1,0.13101515798138785,False
Kolkata,2020-01-27,254.0,1,0.1368427004252482,False
Kolkata,2020-01-28,278.0,1,0.08824038749596197,False
Kolkata,2020-01-29,175.0,1,0.10617393355834998,False
Kolkata,2020-01-30,102.0,1,0.1726508741565405,False
Kolkata,2020-01-31,163.0,1,0.1539191106851866,False
Kolkata,2020-02-01,159.0,1,0.13392715786670917,False
Kolkata,2020-02-02,174.0,1,0.1295989086276914,False
Kolkata,2020-02-03,156.0,1,0.14265637808097525,False
Kolkata,2020-02-04,184.0,1,0.10970259549746941,False
Kolkata,2020-02-05,222.0,1,0.015437290931097247,False
Kolkata,2020-02-06,192.0,1,0.14262190850925116,False
Kolkata,2020-02-07,189.0,1,0.13903852594045168,False
Kolkata,2020-02-08,217.0,1,0.05783004141169734,False
Kolkata,2020-02-09,246.0,1,0.13214087727334356,False
Kolkata,2020-02-10,196.0,1,0.1413347756670234,False
Kolkata,2020-02-11,241.0,1,0.12262427022288996,False
Kolkata,2020-02-12,247.0,1,0.10977919135252062,False
Kolkata,2020-02-13,240.0,1,0.12898863278618505,False
Kolkata,2020-02-14,254.0,1,0.08930677205379978,False
Kolkata,2020-02-15,185.0,1,0.11789126272975331,False
Kolkata,2020-02-16,219.0,1,0.10213123942757002,False
Kolkata,2020-02-17,228.0,1,0.10889469608939117,False
Kolkata,2020-02-18,226.0,1,0.11882588037595654,False
Kolkata,2020-02-19,203.0,1,0.015872282757526834,False
Kolkata,2020-02-20,157.0,1,0.036926105212679694,False
Kolkata,2020-02-21,162.0,1,0.14369505115161602,False
Kolkata,2020-02-22,242.0,1,0.10383095664648645,False
Kolkata,2020-02-23,233.0,1,0.13526489349457232,False
Kolkata,2020-02-24,209.0,1,0.12885053914858802,False
Kolkata,2020-02-25,237.0,1,0.10466160644314437,False
Kolkata,2020-02-26,116.0,1,0.14557766766588337,False
Kolkata,2020-02-27,91.0,1,0.14531039940364265,False
Kolkata,2020-02-28,142.0,1,0.13640910483300311,False
Kolkata,2020-02-29,167.0,1,0.13616161287157874,False
Kolkata,2020-03-01,196.0,1,0.11808723988776448,False
Kolkata,2020-03-02,222.0,1,0.135556693187653,False
Kolkata,2020-03-03,194.0,1,0.11328758830479263,False
Kolkata,2020-03-04,127.0,1,0.14558396353709002,False
Kolkata,2020-03-05,89.0,1,0.16860974564980657,False
Kolkata,2020-03-06,90.0,1,0.17252772732686356,False
Kolkata,2020-03-07,69.0,1,0.18198051831734613,False
Kolkata,2020-03-08,82.0,1,0.1727839784564954,False
Kolkata,2020-03-09,128.0,1,0.11854377550442785,False
Kolkata,2020-03-10,149.0,1,0.09306552069963459,False
Kolkata,2020-03-11,143.0,1,0.0752785091023277,False
Kolkata,2020-03-12,120.0,1,0.15518255136137699,False
Kolkata,2020-03-13,126.0,1,0.14775061122041555,False
Kolkata,2020-03-14,132.0,1,0.08371573655767917,False
Kolkata,2020-03-15,92.0,1,0.10002886802303018,False
Kolkata,2020-03-16,107.0,1,0.08630076998187797,False
Kolkata,2020-03-17,138.0,1,0.10263685113341253,False
Kolkata,2020-03-18,156.0,1,0.08516093073371467,False
Kolkata,2020-03-19,207.0,1,0.060010042734400915,False
Kolkata,2020-03-20,139.0,1,0.056248654407086596,False
Kolkata,2020-03-21,117.0,1,0.06612470263987735,False
Kolkata,2020-03-22,83.0,1,0.06251558031456839,False
Kolkata,2020-03-23,99.0,1,0.062057091039481316,False
Kolkata,2020-03-24,88.0,1,0.09610698085678981,False
Kolkata,2020-03-25,96.0,1,0.10318866990685571,False
Kolkata,2020-03-26,95.0,1,0.12409525297273949,False
Kolkata,2020-03-27,106.0,1,0.060612973328538655,False
Kolkata,2020-03-28,100.0,1,0.06473530647472214,False
Kolkata,2020-03-29,101.0,1,0.055882309549257325,False
Kolkata,2020-03-30,107.0,1,0.052380066291933036,False
Kolkata,2020-03-31,110.0,1,0.06358814549310843,False
Kolkata,2020-04-01,117.0,1,0.0436060377918448,False
Kolkata,2020-04-02,100.0,1,0.06850629764340388,False
Kolkata,2020-04-03,100.0,1,0.07601643471521613,False
Kolkata,2020-04-04,129.0,1,0.04522807322933409,False
Kolkata,2020-04-05,112.0,1,0.05147095454990236,False
Kolkata,2020-04-06,96.0,1,0.09471099187341592,False
Kolkata,2020-04-07,95.0,1,0.030243206373363196,False
Kolkata,2020-04-08,82.0,1,0.04504771554970499,False
Kolkata,2020-04-09,100.0,1,0.006240725861926033,False
Kolkata,2020-04-10,79.0,1,0.06550251312536448,False
Kolkata,2020-04-11,62.0,1,0.09511438176824133,False
Kolkata,2020-04-12,60.0,1,0.10941189146981323,False
Kolkata,2020-04-13,65.0,1,0.12279507267184347,False
Kolkata,2020-04-14,56.0,1,0.15156875352345056,False
Kolkata,2020-04-15,59.0,1,0.13714434186756558,False
Kolkata,2020-04-16,68.0,1,0.15672908552700598,False
Kolkata,2020-04-17,62.0,1,0.12017201080152057,False
Kolkata,2020-04-18,48.0,1,0.1337759410061733,False
Kolkata,2020-04-19,67.0,1,0.05426288397707579,False
Kolkata,2020-04-20,45.0,1,0.13153689850358802,False
Kolkata,2020-04-21,56.0,1,0.1049454994632239,False
Kolkata,2020-04-22,56.0,1,0.0852259353808359,False
Kolkata,2020-04-23,41.0,1,0.13341314914156416,False
Kolkata,2020-04-24,44.0,1,0.10378524058464206,False
Kolkata,2020-04-25,59.0,1,0.07614759082879496,False
Kolkata,2020-04-26,59.0,1,0.07852303940738803,False
Kolkata,2020-04-27,44.0,1,0.12273087594097531,False
Kolkata,2020-04-28,45.0,1,0.11582571242128142,False
Kolkata,2020-04-29,51.0,1,0.14177715274764807,False
Kolkata,2020-04-30,54.0,1,0.10179727824116974,False
Kolkata,2020-05-01,51.0,1,0.10932107713502964,False
Kolkata,2020-05-02,49.0,1,0.15254400792332323,False
Kolkata,2020-05-03,57.0,1,0.11444923972510418,False
Kolkata,2020-05-04,50.0,1,0.1568167830534754,False
Kolkata,2020-05-05,50.0,1,0.13846429761860585,False
Kolkata,2020-05-06,61.0,1,0.10362365565491205,False
Kolkata,2020-05-07,59.0,1,0.10443829054562886,False
Kolkata,2020-05-08,64.0,1,0.07197620063973198,False
Kolkata,2020-05-09,73.0,1,0.09936136368782794,False
Kolkata,2020-05-10,63.0,1,0.12013860949251454,False
Kolkata,2020-05-11,75.0,1,0.06318266317639187,False
Kolkata,2020-05-12,97.0,1,0.02862313793227733,False
Kolkata,2020-05-13,71.0,1,0.10507224171613755,False
Kolkata,2020-05-14,52.0,1,0.1430757575135519,False
Kolkata,2020-05-15,44.0,1,0.13847072936997967,False
Kolkata,2020-05-16,44.0,1,0.13461913665904857,False
Kolkata,2020-05-17,50.0,1,0.1370908020761925,False
Kolkata,2020-05-18,38.0,1,0.14406495380757695,False
Kolkata,2020-05-19,32.0,1,0.12181035225088249,False
Kolkata,2020-05-20,39.0,1,0.11246494318353278,False
Kolkata,2020-05-21,37.0,1,0.14409254677201272,False
Kolkata,2020-05-22,47.0,1,0.16444591333178876,False
Kolkata,2020-05-23,50.0,1,0.16704136655522683,False
Kolkata,2020-05-24,49.0,1,0.16241069962644505,False
Kolkata,2020-05-25,48.0,1,0.1511954619696726,False
Kolkata,2020-05-26,46.0,1,0.1445626171391639,False
Kolkata,2020-05-27,43.0,1,0.14471255331925753,False
Kolkata,2020-05-28,47.0,1,0.14914050592480627,False
Kolkata,2020-05-29,55.0,1,0.14546767734047472,False
Kolkata,2020-05-30,52.0,1,0.1429869098689156,False
Kolkata,2020-05-31,55.0,1,0.1393079844104616,False
Kolkata,2020-06-01,45.0,1,0.13685289579074383,False
Kolkata,2020-06-02,51.0,1,0.12605013524040704,False
Kolkata,2020-06-03,63.0,1,0.10369054908611758,False
Kolkata,2020-06-04,52.0,1,0.1317194760512524,False
Kolkata,2020-06-05,46.0,1,0.12409915410015859,False
Kolkata,2020-06-06,59.0,1,0.13181168397974097,False
Kolkata,2020-06-07,67.0,1,0.13821184785134788,False
Kolkata,2020-06-08,59.0,1,0.1434315153474876,False
Kolkata,2020-06-09,54.0,1,0.08496589083316464,False
Kolkata,2020-06-10,40.0,1,0.15161674583175228,False
Kolkata,2020-06-11,32.0,1,0.12608061517596947,False
Kolkata,2020-06-12,38.0,1,0.13828383226472646,False
Kolkata,2020-06-13,38.0,1,0.1425835610955084,False
Kolkata,2020-06-14,32.0,1,0.13542152321794165,False
Kolkata,2020-06-15,34.0,1,0.1469945474328761,False
Kolkata,2020-06-16,47.0,1,0.14769623831800116,False
Kolkata,2020-06-17,50.0,1,0.1749037843445977,False
Kolkata,2020-06-18,47.0,1,0.16568508192154335,False
Kolkata,2020-06-19,50.0,1,0.1710975697508173,False
Kolkata,2020-06-20,45.0,1,0.14505998260417113,False
Kolkata,2020-06-21,37.0,1,0.13535212147553616,False
Kolkata,2020-06-22,42.0,1,0.14742413480908106,False
Kolkata,2020-06-23,45.0,1,0.1651153302808273,False
Kolkata,2020-06-24,52.0,1,0.1561162310361806,False
Kolkata,2020-06-25,52.0,1,0.12753433039469736,False
Kolkata,2020-06-26,42.0,1,0.11513167857438394,False
Kolkata,2020-06-27,37.0,1,0.13153845236627515,False
Kolkata,2020-06-28,43.0,1,0.14632088898917184,False
Kolkata,2020-06-29,48.0,1,0.1580360232707413,False
Kolkata,2020-06-30,47.0,1,0.16487978633198486,False
Lucknow,2020-01-01,442.0,-1,-0.0720973652308542,True
Lucknow,2020-01-02,361.0,-1,-0.022312912652642236,True
Lucknow,2020-01-03,313.0,1,0.11144723984131061,False
Lucknow,2020-01-04,245.0,1,0.09851711008171377,False
Lucknow,2020-01-05,210.0,1,0.1290029239735555,False
Lucknow,2020-01-06,262.0,1,0.0763158885185708,False
Lucknow,2020-01-07,308.0,-1,-0.0022603360462051247,True
Lucknow,2020-01-08,344.0,1,0.10751672536427254,False
Lucknow,2020-01-09,247.0,1,0.17174201261105576,False
Lucknow,2020-01-10,198.0,1,0.1803606846509309,False
Lucknow,2020-01-11,281.0,1,0.1087644377068866,False
Lucknow,2020-01-12,377.0,-1,-0.016918112875376035,True
Lucknow,2020-01-13,377.0,1,0.06892321432851967,False
Lucknow,2020-01-14,323.0,1,0.11942061012861943,False
Lucknow,2020-01-15,354.0,1,0.06673243329242518,False
Lucknow,2020-01-16,294.0,1,0.17455044182068025,False
Lucknow,2020-01-17,122.0,1,0.12133582984673108,False
Lucknow,2020-01-18,161.0,1,0.13146533157764007,False
Lucknow,2020-01-19,138.0,1,0.13154599005029805,False
Lucknow,2020-01-20,191.0,1,0.1510114984860388,False
Lucknow,2020-01-21,256.0,1,0.10887102682947908,False
Lucknow,2020-01-22,356.0,1,0.11873200204664097,False
Lucknow,2020-01-23,249.0,1,0.16461764480916474,False
Lucknow,2020-01-24,156.0,1,0.14503225188302438,False
Lucknow,2020-01-25,267.0,1,0.12420144230329011,False
Lucknow,2020-01-26,303.0,1,0.1106125929124065,False
Lucknow,2020-01-27,337.0,1,0.10114496580659965,False
Lucknow,2020-01-28,325.0,1,0.17458355569648198,False
Lucknow,2020-01-29,313.0,1,0.18320037876765488,False
Lucknow,2020-01-30,195.0,1,0.1747623635976287,False
Lucknow,2020-01-31,147.0,1,0.13650963107043146,False
Lucknow,2020-02-01,224.0,1,0.16273012604473397,False
Lucknow,2020-02-02,216.0,1,0.18013189729956947,False
Lucknow,2020-02-03,239.0,1,0.16045573888755532,False
Lucknow,2020-02-04,307.0,1,0.14090922773285247,False
Lucknow,2020-02-05,278.0,1,0.17967357293563507,False
Lucknow,2020-02-06,230.0,1,0.17453075650863442,False
Lucknow,2020-02-07,309.0,1,0.18365067564038962,False
Lucknow,2020-02-08,248.0,1,0.17556458768955968,False
Lucknow,2020-02-09,272.0,1,0.128555555852074,False
Lucknow,2020-02-10,275.0,1,0.15472387286077316,False
Lucknow,2020-02-11,267.0,1,0.160741166896672,False
Lucknow,2020-02-12,253.0,1,0.1678408646682088,False
Lucknow,2020-02-13,244.0,1,0.17421432659191904,False
Lucknow,2020-02-14,192.0,1,0.17709714791278808,False
Lucknow,2020-02-15,214.0,1,0.17503786668292065,False
Lucknow,2020-02-16,209.0,1,0.1700986497590939,False
Lucknow,2020-02-17,283.0,1,0.18138174006953073,False
Lucknow,2020-02-18,232.0,1,0.18035122974058831,False
Lucknow,2020-02-19,249.0,1,0.1467579322050242,False
Lucknow,2020-02-20,227.0,1,0.17034715079607016,False
Lucknow,2020-02-21,198.0,1,0.16549984267669976,False
Lucknow,2020-02-22,103.0,1,0.18807537885538678,False
Lucknow,2020-02-23,173.0,1,0.18610932032948357,False
Lucknow,2020-02-24,222.0,1,0.19086848215918478,False
Lucknow,2020-02-25,167.0,1,0.1889972959616647,False
Lucknow,2020-02-26,97.0,1,0.1865385365207628,False
Lucknow,2020-02-27,92.0,1,0.1834039191997484,False
Lucknow,2020-02-28,116.0,1,0.1687183926148404,False
Lucknow,2020-02-29,147.0,1,0.18095340834883644,False
Lucknow,2020-03-01,148.0,1,0.18986043515680284,False
Lucknow,2020-03-02,136.0,1,0.18037182150125808,False
Lucknow,2020-03-03,144.0,1,0.17914327149578924,False
Lucknow,2020-03-04,191.0,1,0.17845676492679396,False
Lucknow,2020-03-05,182.0,1,0.19411394312475838,False
Lucknow,2020-03-06,125.0,1,0.1892856430275306,False
Lucknow,2020-03-07,80.0,1,0.17933745841490673,False
Lucknow,2020-03-08,91.0,1,0.1910264742343974,False
Lucknow,2020-03-09,128.0,1,0.19642727218426587,False
Lucknow,2020-03-10,163.0,1,0.1948100131142273,False
Lucknow,2020-03-11,165.0,1,0.19289956013528103,False
Lucknow,2020-03-12,112.0,1,0.1793844860556233,False
Lucknow,2020-03-13,111.0,1,0.19269681744656436,False
Lucknow,2020-03-14,74.0,1,0.1921996752579116,False
Lucknow,2020-03-15,96.0,1,0.1909019528334573,False
Lucknow,2020-03-16,86.0,1,0.19571869592210428,False
Lucknow,2020-03-17,134.0,1,0.19048355936127287,False
Lucknow,2020-03-18,164.0,1,0.1973779928930388,False
Lucknow,2020-03-19,183.0,1,0.19348978516637866,False
Lucknow,2020-03-20,252.0,1,0.1868133047585373,False
Lucknow,2020-03-21,219.0,1,0.1887279869601194,False
Lucknow,2020-03-22,128.0,1,0.1815106336287325,False
Lucknow,2020-03-23,122.0,1,0.16922893904555275,False
Lucknow,2020-03-24,207.0,1,0.17152184822874367,False
Lucknow,2020-03-25,237.0,1,0.160593801719279,False
Lucknow,2020-03-26,108.0,1,0.16328472151985335,False
Lucknow,2020-03-27,77.0,1,0.16138407542760425,False
Lucknow,2020-03-28,73.0,1,0.1609319993494001,False
Lucknow,2020-03-29,64.0,1,0.13927852488448988,False
Lucknow,2020-03-30,69.0,1,0.1428149927999956,False
Lucknow,2020-03-31,85.0,1,0.16049749515259198,False
Lucknow,2020-04-01,116.0,1,0.18612947992770607,False
Lucknow,2020-04-02,115.0,1,0.17289306408996652,False
Lucknow,2020-04-03,81.0,1,0.16555227270091344,False
Lucknow,2020-04-04,71.0,1,0.16105155882601013,False
Lucknow,2020-04-05,91.0,1,0.17652352797109178,False
Lucknow,2020-04-06,90.0,1,0.17572006211246421,False
Lucknow,2020-04-07,75.0,1,0.17230399665346402,False
Lucknow,2020-04-08,77.0,1,0.1831746828175545,False
Lucknow,2020-04-09,94.0,1,0.17880102024771938,False
Lucknow,2020-04-10,81.0,1,0.17214285817114094,False
Lucknow,2020-04-11,121.0,1,0.1867428181856704,False
Lucknow,2020-04-12,151.0,1,0.1899249827108747,False
Lucknow,2020-04-13,93.0,1,0.18335893689735655,False
Lucknow,2020-04-14,157.0,1,0.1883223064594612,False
Lucknow,2020-04-15,138.0,1,0.18732569619893247,False
Lucknow,2020-04-16,160.0,1,0.1816337801632284,False
Lucknow,2020-04-17,211.0,1,0.1785911964027408,False
Lucknow,2020-04-18,140.0,1,0.18080451537493353,False
Lucknow,2020-04-19,125.0,1,0.17601677369045948,False
Lucknow,2020-04-20,91.0,1,0.18654458212190184,False
Lucknow,2020-04-21,81.0,1,0.1791204665101409,False
Lucknow,2020-04-22,84.0,1,0.1849862997662577,False
Lucknow,2020-04-23,112.0,1,0.18618944367283863,False
Lucknow,2020-04-24,142.0,1,0.18541657402366307,False
Lucknow,2020-04-25,120.0,1,0.18410656482230414,False
Lucknow,2020-04-26,95.0,1,0.17647876830961434,False
Lucknow,2020-04-27,69.0,1,0.1656699427232431,False
Lucknow,2020-04-28,64.0,1,0.16311592710690015,False
Lucknow,2020-04-29,74.0,1,0.17759591474232989,False
Lucknow,2020-04-30,83.0,1,0.1756152723642107,False
Lucknow,2020-05-01,82.0,1,0.16974016024208521,False
Lucknow,2020-05-02,67.0,1,0.16004664344464214,False
Lucknow,2020-05-03,63.0,1,0.15480300615481918,False
Lucknow,2020-05-04,73.0,1,0.17846580567267273,False
Lucknow,2020-05-05,83.0,1,0.17902011784180255,False
Lucknow,2020-05-06,64.0,1,0.16301448395727075,False
Lucknow,2020-05-07,73.0,1,0.1661936035430866,False
Lucknow,2020-05-08,77.0,1,0.1604489131200928,False
Lucknow,2020-05-09,103.0,1,0.16304657835169484,False
Lucknow,2020-05-10,122.0,1,0.15949657311458276,False
Lucknow,2020-05-11,140.0,1,0.1748211282677028,False
Lucknow,2020-05-12,106.0,1,0.17081611015339987,False
Lucknow,2020-05-13,143.0,1,0.17680505571226013,False
Lucknow,2020-05-14,107.0,1,0.18105548937802585,False
Lucknow,2020-05-15,142.0,1,0.1794626671005649,False
Lucknow,2020-05-16,143.0,1,0.18262119529112664,False
Lucknow,2020-05-17,107.0,1,0.18742762946390457,False
Lucknow,2020-05-18,151.0,1,0.1882858866009713,False
Lucknow,2020-05-19,113.0,1,0.18874681077166222,False
Lucknow,2020-05-20,209.0,1,0.15792204752669803,False
Lucknow,2020-05-21,152.0,1,0.17303364102090568,False
Lucknow,2020-05-22,158.0,1,0.1745752585119807,False
Lucknow,2020-05-23,164.0,1,0.16916028388502308,False
Lucknow,2020-05-24,134.0,1,0.1901052890883153,False
Lucknow,2020-05-25,173.0,1,0.19547880001736584,False
Lucknow,2020-05-26,147.0,1,0.18829127512403931,False
Lucknow,2020-05-27,205.0,1,0.17952159384776034,False
Lucknow,2020-05-28,135.0,1,0.15652110505660705,False
Lucknow,2020-05-29,78.0,1,0.1557641104691786,False
Lucknow,2020-05-30,97.0,1,0.18063057578238756,False
Lucknow,2020-05-31,81.0,1,0.17214759401614943,False
Lucknow,2020-06-01,85.0,1,0.17815870132741657,False
Lucknow,2020-06-02,99.0,1,0.18111048468777674,False
Lucknow,2020-06-03,110.0,1,0.18203325431145773,False
Lucknow,2020-06-04,142.0,1,0.17085423476606904,False
Lucknow,2020-06-05,100.0,1,0.18717552991923975,False
Lucknow,2020-06-06,84.0,1,0.17893969230805484,False
Lucknow,2020-06-07,70.0,1,0.16153752953875922,False
Lucknow,2020-06-08,77.0,1,0.17979360711303655,False
Lucknow,2020-06-09,148.0,1,0.18638485404354654,False
Lucknow,2020-06-10,193.0,1,0.17818383486526834,False
Lucknow,2020-06-11,183.0,1,0.18245807610213333,False
Lucknow,2020-06-12,166.0,1,0.17163460815233178,False
Lucknow,2020-06-13,117.0,1,0.16000527166515172,False
Lucknow,2020-06-14,91.0,1,0.1511023812574928,False
Lucknow,2020-06-15,79.0,1,0.15012279939465256,False
Lucknow,2020-06-16,76.0,1,0.1325815548718689,False
Lucknow,2020-06-17,73.0,1,0.15057472511296566,False
Lucknow,2020-06-18,75.0,1,0.13971609604588842,False
Lucknow,2020-06-19,70.0,1,0.12927629092897214,False
Lucknow,2020-06-20,78.0,1,0.11972734483250197,False
Lucknow,2020-06-21,71.0,1,0.11815565475561324,False
Lucknow,2020-06-22,64.0,1,0.1114768157893336,False
Lucknow,2020-06-23,72.0,1,0.14283171772371517,False
Lucknow,2020-06-24,90.0,1,0.17599213789762108,False
Lucknow,2020-06-25,116.0,1,0.18429413582634702,False
Lucknow,2020-06-26,81.0,1,0.15865562106169867,False
Lucknow,2020-06-27,74.0,1,0.1240939642911455,False
Lucknow,2020-06-28,77.0,1,0.11632422568789358,False
Lucknow,2020-06-29,65.0,1,0.13979289612205253,False
Lucknow,2020-06-30,69.0,1,0.14093474728969796,False
Thiruvananthapuram,2020-01-01,85.0,1,0.11521802522119301,False
Thiruvananthapuram,2020-01-02,70.0,1,0.13347771127855856,False
Thiruvananthapuram,2020-01-03,72.0,1,0.09785038029426585,False
Thiruvananthapuram,2020-01-04,78.0,1,0.16025164423555754,False
Thiruvananthapuram,2020-01-05,71.0,1,0.17021935673168465,False
Thiruvananthapuram,2020-01-06,75.0,1,0.08217640578931051,False
Thiruvananthapuram,2020-01-07,75.0,1,0.07911463928546392,False
Thiruvananthapuram,2020-01-08,73.0,1,0.18356558912998627,False
Thiruvananthapuram,2020-01-09,74.0,1,0.13306065891775704,False
Thiruvananthapuram,2020-01-10,82.0,1,0.09834467577758832,False
Thiruvananthapuram,2020-01-11,89.0,1,0.0840819410665643,False
Thiruvananthapuram,2020-01-12,83.0,1,0.10509999222100208,False
Thiruvananthapuram,2020-01-13,87.0,1,0.09108583403728232,False
Thiruvananthapuram,2020-01-14,82.0,1,0.07269638656191646,False
Thiruvananthapuram,2020-01-15,97.0,1,0.0710355002219023,False
Thiruvananthapuram,2020-01-16,98.0,1,0.07987332802092173,False
Thiruvananthapuram,2020-01-17,85.0,1,0.11654649678500578,False
Thiruvananthapuram,2020-01-18,68.0,1,0.115787896542007,False
Thiruvananthapuram,2020-01-19,66.0,1,0.12547610157336986,False
Thiruvananthapuram,2020-01-20,79.0,1,0.11849595374455707,False
Thiruvananthapuram,2020-01-21,65.0,1,0.12915904933039718,False
Thiruvananthapuram,2020-01-22,66.0,1,0.13171988706667664,False
Thiruvananthapuram,2020-01-23,65.0,1,0.12042249619180051,False
Thiruvananthapuram,2020-01-24,66.0,1,0.14233294164646426,False
Thiruvananthapuram,2020-01-25,71.0,1,0.13309089232240795,False
Thiruvananthapuram,2020-01-26,71.0,1,0.16636263861246936,False
Thiruvananthapuram,2020-01-27,71.0,1,0.14162168112763157,False
Thiruvananthapuram,2020-01-28,77.0,1,0.11522929743471999,False
Thiruvananthapuram,2020-01-29,94.0,1,0.07540084154774529,False
Thiruvananthapuram,2020-01-30,93.0,1,0.12333485210894679,False
Thiruvananthapuram,2020-01-31,98.0,1,0.10353538743142521,False
Thiruvananthapuram,2020-02-01,83.0,1,0.15755335744459975,False
Thiruvananthapuram,2020-02-02,69.0,1,0.16788518672616465,False
Thiruvananthapuram,2020-02-03,73.0,1,0.11259891330527805,False
Thiruvananthapuram,2020-02-04,65.0,1,0.1368184793884767,False
Thiruvananthapuram,2020-02-05,69.0,1,0.15814493644167904,False
Thiruvananthapuram,2020-02-06,71.0,1,0.1711817712631426,False
Thiruvananthapuram,2020-02-07,63.0,1,0.16364106211385038,False
Thiruvananthapuram,2020-02-08,70.0,1,0.1473180991968922,False
Thiruvananthapuram,2020-02-09,68.0,1,0.13433381605553596,False
Thiruvananthapuram,2020-02-10,215.0,-1,-0.054287834627601894,True
Thiruvananthapuram,2020-02-11,84.0,1,0.0996842252487038,False
Thiruvananthapuram,2020-02-12,72.0,1,0.12160662390068161,False
Thiruvananthapuram,2020-02-13,73.0,1,0.1395543487504078,False
Thiruvananthapuram,2020-02-14,83.0,1,0.13654762118777658,False
Thiruvananthapuram,2020-02-15,82.0,1,0.13746709943434543,False
Thiruvananthapuram,2020-02-16,85.0,1,0.15216903805750515,False
Thiruvananthapuram,2020-02-17,108.0,1,0.08491472743225037,False
Thiruvananthapuram,2020-02-18,100.0,1,0.10454744316877473,False
Thiruvananthapuram,2020-02-19,98.0,1,0.07914762455397117,False
Thiruvananthapuram,2020-02-20,89.0,1,0.08412028517984371,False
Thiruvananthapuram,2020-02-21,81.0,1,0.11215667228843401,False
Thiruvananthapuram,2020-02-22,92.0,1,0.09643768930598062,False
Thiruvananthapuram,2020-02-23,89.0,1,0.11574911408112526,False
Thiruvananthapuram,2020-02-24,86.0,1,0.12238318119467106,False
Thiruvananthapuram,2020-02-25,89.0,1,0.10337827417977108,False
Thiruvananthapuram,2020-02-26,92.0,1,0.11551321153040972,False
Thiruvananthapuram,2020-02-27,102.0,1,0.10680026127066788,False
Thiruvananthapuram,2020-02-28,93.0,1,0.09863497035430324,False
Thiruvananthapuram,2020-02-29,126.0,1,0.035627301069886874,False
Thiruvananthapuram,2020-03-01,100.0,1,0.16720467216978374,False
Thiruvananthapuram,2020-03-02,96.0,1,0.11566621419492723,False
Thiruvananthapuram,2020-03-03,100.0,1,0.07593430572357629,False
Thiruvananthapuram,2020-03-04,107.0,1,0.04639759370471486,False
Thiruvananthapuram,2020-03-05,110.0,1,0.06857353729102744,False
Thiruvananthapuram,2020-03-06,76.0,1,0.1555386611559872,False
Thiruvananthapuram,2020-03-07,64.0,1,0.18495205505194162,False
Thiruvananthapuram,2020-03-08,64.0,1,0.21476454127106953,False
Thiruvananthapuram,2020-03-09,68.0,1,0.20128985177732367,False
Thiruvananthapuram,2020-03-10,73.0,1,0.17191146722147133,False
Thiruvananthapuram,2020-03-11,74.0,1,0.18431385373210124,False
Thiruvananthapuram,2020-03-12,74.0,1,0.18074128328360894,False
Thiruvananthapuram,2020-03-13,87.0,1,0.1610102981127302,False
Thiruvananthapuram,2020-03-14,85.0,1,0.18637112937011502,False
Thiruvananthapuram,2020-03-15,60.0,1,0.1813471324847517,False
Thiruvananthapuram,2020-03-16,62.0,1,0.181024405909738,False
Thiruvananthapuram,2020-03-17,74.0,1,0.18442134379013653,False
Thiruvananthapuram,2020-03-18,67.0,1,0.18926642598443766,False
Thiruvananthapuram,2020-03-19,68.0,1,0.19206263410736418,False
Thiruvananthapuram,2020-03-20,77.0,1,0.18983453807611167,False
Thiruvananthapuram,2020-03-21,71.0,1,0.20192765277154923,False
Thiruvananthapuram,2020-03-22,66.0,1,0.21328263595918479,False
Thiruvananthapuram,2020-03-23,65.0,1,0.21626955759991517,False
Thiruvananthapuram,2020-03-24,57.0,1,0.2204010526036968,False
Thiruvananthapuram,2020-03-25,68.0,1,0.22878366305228987,False
Thiruvananthapuram,2020-03-26,70.0,1,0.22209559035244336,False
Thiruvananthapuram,2020-03-27,74.0,1,0.20889954973401365,False
Thiruvananthapuram,2020-03-28,78.0,1,0.21660145937992947,False
Thiruvananthapuram,2020-03-29,60.0,1,0.22751117277058314,False
Thiruvananthapuram,2020-03-30,52.0,1,0.20552963377937877,False
Thiruvananthapuram,2020-03-31,70.0,1,0.21214196490255816,False
Thiruvananthapuram,2020-04-01,55.0,1,0.21624600253111687,False
Thiruvananthapuram,2020-04-02,61.0,1,0.21192868090134426,False
Thiruvananthapuram,2020-04-03,60.0,1,0.19892717966261375,False
Thiruvananthapuram,2020-04-04,66.0,1,0.19656494449083345,False
Thiruvananthapuram,2020-04-05,60.0,1,0.19986703902690284,False
Thiruvananthapuram,2020-04-06,59.0,1,0.1838701662964481,False
Thiruvananthapuram,2020-04-07,53.0,1,0.19659835012758997,False
Thiruvananthapuram,2020-04-08,61.0,1,0.17370365633681262,False
Thiruvananthapuram,2020-04-09,63.0,1,0.19482314551381474,False
Thiruvananthapuram,2020-04-10,56.0,1,0.20854158170794707,False
Thiruvananthapuram,2020-04-11,55.0,1,0.20713455446889723,False
Thiruvananthapuram,2020-04-12,58.0,1,0.20887067264799775,False
Thiruvananthapuram,2020-04-13,63.0,1,0.205061147761665,False
Thiruvananthapuram,2020-04-14,66.0,1,0.2049955623749547,False
Thiruvananthapuram,2020-04-15,52.0,1,0.20333666433024677,False
Thiruvananthapuram,2020-04-16,50.0,1,0.19937756513933536,False
Thiruvananthapuram,2020-04-17,62.0,1,0.19821230205852441,False
Thiruvananthapuram,2020-04-18,56.0,1,0.17545654082102558,False
Thiruvananthapuram,2020-04-19,49.0,1,0.17594228836283687,False
Thiruvananthapuram,2020-04-20,46.0,1,0.19953664093287066,False
Thiruvananthapuram,2020-04-21,53.0,1,0.2052146657307795,False
Thiruvananthapuram,2020-04-22,51.0,1,0.20532402685982754,False
Thiruvananthapuram,2020-04-23,50.0,1,0.20524879502651328,False
Thiruvananthapuram,2020-04-24,59.0,1,0.20959072712167554,False
Thiruvananthapuram,2020-04-25,53.0,1,0.2056318145956889,False
Thiruvananthapuram,2020-04-26,58.0,1,0.20024902818537516,False
Thiruvananthapuram,2020-04-27,63.0,1,0.18824196813610244,False
Thiruvananthapuram,2020-04-28,60.0,1,0.18887859223219744,False
Thiruvananthapuram,2020-04-29,57.0,1,0.2000086588962237,False
Thiruvananthapuram,2020-04-30,57.0,1,0.19878103452430745,False
Thiruvananthapuram,2020-05-01,54.0,1,0.20946686380908808,False
Thiruvananthapuram,2020-05-02,55.0,1,0.19582364743358338,False
Thiruvananthapuram,2020-05-03,58.0,1,0.20783735535986386,False
Thiruvananthapuram,2020-05-04,55.0,1,0.19662370908895987,False
Thiruvananthapuram,2020-05-05,63.0,1,0.19614750763737654,False
Thiruvananthapuram,2020-05-06,66.0,1,0.20889193609188045,False
Thiruvananthapuram,2020-05-07,59.0,1,0.1996170749159084,False
Thiruvananthapuram,2020-05-08,61.0,1,0.19485375529479554,False
Thiruvananthapuram,2020-05-09,63.0,1,0.20003801124885828,False
Thiruvananthapuram,2020-05-10,63.0,1,0.207647272239105,False
Thiruvananthapuram,2020-05-11,66.0,1,0.19672262759241071,False
Thiruvananthapuram,2020-05-12,65.0,1,0.19977560844861258,False
Thiruvananthapuram,2020-05-13,47.0,1,0.1891060763610422,False
Thiruvananthapuram,2020-05-14,53.0,1,0.19875883587052873,False
Thiruvananthapuram,2020-05-15,58.0,1,0.190904595205047,False
Thiruvananthapuram,2020-05-16,59.0,1,0.19365535239807535,False
Thiruvananthapuram,2020-05-17,60.0,1,0.18000957479315388,False
Thiruvananthapuram,2020-05-18,64.0,1,0.18203276824574038,False
Thiruvananthapuram,2020-05-19,62.0,1,0.2064202919233416,False
Thiruvananthapuram,2020-05-20,56.0,1,0.20414517678550964,False
Thiruvananthapuram,2020-05-21,48.0,1,0.1830741828725015,False
Thiruvananthapuram,2020-05-22,48.0,1,0.18455480635166605,False
Thiruvananthapuram,2020-05-23,39.0,1,0.1723674133712741,False
Thiruvananthapuram,2020-05-24,46.0,1,0.202277467625885,False
Thiruvananthapuram,2020-05-25,50.0,1,0.1850223411128235,False
Thiruvananthapuram,2020-05-26,47.0,1,0.18619324715166896,False
Thiruvananthapuram,2020-05-27,56.0,1,0.19108909196008272,False
Thiruvananthapuram,2020-05-28,56.0,1,0.1912040586308768,False
Thiruvananthapuram,2020-05-29,54.0,1,0.1947585999664458,False
Thiruvananthapuram,2020-05-30,54.0,1,0.17922530271424691,False
Thiruvananthapuram,2020-05-31,50.0,1,0.16398258370905028,False
Thiruvananthapuram,2020-06-01,42.0,1,0.15119967850813415,False
Thiruvananthapuram,2020-06-02,48.0,1,0.15023581493332228,False
Thiruvananthapuram,2020-06-03,35.0,1,0.13400809589563717,False
Thiruvananthapuram,2020-06-04,32.0,1,0.12135487243386112,False
Thiruvananthapuram,2020-06-05,38.0,1,0.11955943588648132,False
Thiruvananthapuram,2020-06-06,35.0,1,0.13067385489590738,False
Thiruvananthapuram,2020-06-07,35.0,1,0.12784952715162323,False
Thiruvananthapuram,2020-06-08,41.0,1,0.1651567355594301,False
Thiruvananthapuram,2020-06-09,41.0,1,0.15723538927146308,False
Thiruvananthapuram,2020-06-10,46.0,1,0.16994280546184581,False
Thiruvananthapuram,2020-06-11,46.0,1,0.1566949303577045,False
Thiruvananthapuram,2020-06-12,49.0,1,0.13564370360671874,False
Thiruvananthapuram,2020-06-13,52.0,1,0.16904392420220538,False
Thiruvananthapuram,2020-06-14,38.0,1,0.1599749817939995,False
Thiruvananthapuram,2020-06-15,45.0,1,0.16048196254210556,False
Thiruvananthapuram,2020-06-16,51.0,1,0.16108683354151943,False
Thiruvananthapuram,2020-06-17,58.0,1,0.16416213679749025,False
Thiruvananthapuram,2020-06-18,57.0,1,0.1804589126815312,False
Thiruvananthapuram,2020-06-19,50.0,1,0.17631799206084808,False
Thiruvananthapuram,2020-06-20,43.0,1,0.16765408374980978,False
Thiruvananthapuram,2020-06-21,42.0,1,0.18105309577251005,False
Thiruvananthapuram,2020-06-22,40.0,1,0.17740230754966313,False
Thiruvananthapuram,2020-06-23,50.0,1,0.18253920738263713,False
Thiruvananthapuram,2020-06-24,70.0,1,0.15476551562260082,False
Thiruvananthapuram,2020-06-25,58.0,1,0.1791248409652072,False
Thiruvananthapuram,2020-06-26,46.0,1,0.1874611193201266,False
Thiruvananthapuram,2020-06-27,42.0,1,0.17107815364626117,False
Thiruvananthapuram,2020-06-28,43.0,1,0.177528547120416,False
Thiruvananthapuram,2020-06-29,49.0,1,0.18497441107463447,False
Thiruvananthapuram,2020-06-30,40.0,1,0.1506343641920514,False
Visakhapatnam,2020-01-01,111.0,1,0.1892457169285126,False
Visakhapatnam,2020-01-02,94.0,1,0.19754147026273616,False
Visakhapatnam,2020-01-03,97.0,1,0.1930801182934857,False
Visakhapatnam,2020-01-04,74.0,1,0.16381885277150332,False
Visakhapatnam,2020-01-05,61.0,1,0.1406845233051532,False
Visakhapatnam,2020-01-06,72.0,1,0.17310211057158614,False
Visakhapatnam,2020-01-07,100.0,1,0.20277823214688567,False
Visakhapatnam,2020-01-08,99.0,1,0.19787454600486237,False
Visakhapatnam,2020-01-09,153.0,1,0.11095377645600007,False
Visakhapatnam,2020-01-10,110.0,1,0.20141360577938733,False
Visakhapatnam,2020-01-11,134.0,1,0.16080071204278473,False
Visakhapatnam,2020-01-12,181.0,1,0.15728828931153677,False
Visakhapatnam,2020-01-13,178.0,1,0.05567321033865924,False
Visakhapatnam,2020-01-14,326.0,-1,-0.08451840549051137,True
Visakhapatnam,2020-01-15,258.0,1,0.09082955450712815,False
Visakhapatnam,2020-01-16,160.0,1,0.17541565649368296,False
Visakhapatnam,2020-01-17,128.0,1,0.19272042296180858,False
Visakhapatnam,2020-01-18,79.0,1,0.18912321613490324,False
Visakhapatnam,2020-01-19,93.0,1,0.21752378901962122,False
Visakhapatnam,2020-01-20,81.0,1,0.19698621647457476,False
Visakhapatnam,2020-01-21,51.0,1,0.16290794836070183,False
Visakhapatnam,2020-01-22,84.0,1,0.18805416238114536,False
Visakhapatnam,2020-01-23,138.0,1,0.15171540431210329,False
Visakhapatnam,2020-01-24,156.0,1,0.13234070421317723,False
Visakhapatnam,2020-01-25,140.0,1,0.1842924598325012,False
Visakhapatnam,2020-01-27,,1,0.19643297755879624,False
Visakhapatnam,2020-01-28,115.0,1,0.18945619643573586,False
Visakhapatnam,2020-01-29,122.0,1,0.21024771291983652,False
Visakhapatnam,2020-01-30,105.0,1,0.22276702982373486,False
Visakhapatnam,2020-01-31,122.0,1,0.20801367347621985,False
Visakhapatnam,2020-02-01,98.0,1,0.1838546347017615,False
Visakhapatnam,2020-02-02,67.0,1,0.15815656514505483,False
Visakhapatnam,2020-02-03,76.0,1,0.16116412574673872,False
Visakhapatnam,2020-02-04,82.0,1,0.14870110900795674,False
Visakhapatnam,2020-02-05,112.0,1,0.17829575160350836,False
Visakhapatnam,2020-02-06,94.0,1,0.20640240329362647,False
Visakhapatnam,2020-02-07,94.0,1,0.2139953832296841,False
Visakhapatnam,2020-02-08,61.0,1,0.16970751000449202,False
Visakhapatnam,2020-02-09,56.0,1,0.16307973072992604,False
Visakhapatnam,2020-02-10,50.0,1,0.17031243021191939,False
Visakhapatnam,2020-02-11,84.0,1,0.18934625056931847,False
Visakhapatnam,2020-02-12,101.0,1,0.2022404135385546,False
Visakhapatnam,2020-02-13,150.0,1,0.12060554940090384,False
Visakhapatnam,2020-02-14,159.0,1,0.16653339530591038,False
Visakhapatnam,2020-02-15,140.0,1,0.16819547718610128,False
Visakhapatnam,2020-02-16,120.0,1,0.21549834816967756,False
Visakhapatnam,2020-02-17,110.0,1,0.19973624928348532,False
Visakhapatnam,2020-02-18,111.0,1,0.21206085968279248,False
Visakhapatnam,2020-02-19,95.0,1,0.21776300905902063,False
Visakhapatnam,2020-02-20,77.0,1,0.17556637374742756,False
Visakhapatnam,2020-02-22,,1,0.2083585710032489,False
Visakhapatnam,2020-02-23,117.0,1,0.19626320113617646,False
Visakhapatnam,2020-02-24,134.0,1,0.14836927740652156,False
Visakhapatnam,2020-02-25,90.0,1,0.19498462691384416,False
Visakhapatnam,2020-02-26,102.0,1,0.19691692065236882,False
Visakhapatnam,2020-02-27,74.0,1,0.19110297293037237,False
Visakhapatnam,2020-02-28,97.0,1,0.210095548594178,False
Visakhapatnam,2020-02-29,119.0,1,0.2122118150460614,False
Visakhapatnam,2020-03-02,,1,0.2050295131390094,False
Visakhapatnam,2020-03-03,127.0,1,0.15448060778695538,False
Visakhapatnam,2020-03-04,127.0,1,0.2058937412793843,False
Visakhapatnam,2020-03-05,69.0,1,0.1690799158274699,False
Visakhapatnam,2020-03-06,51.0,1,0.1424842207827144,False
Visakhapatnam,2020-03-07,45.0,1,0.13297006649885101,False
Visakhapatnam,2020-03-08,69.0,1,0.18052175717725705,False
Visakhapatnam,2020-03-09,82.0,1,0.19097008556431777,False
Visakhapatnam,2020-03-10,69.0,1,0.16512551366966488,False
Visakhapatnam,2020-03-11,64.0,1,0.1765697587744638,False
Visakhapatnam,2020-03-12,61.0,1,0.18683514038198046,False
Visakhapatnam,2020-03-13,57.0,1,0.1592980551128909,False
Visakhapatnam,2020-03-14,82.0,1,0.211208158427715,False
Visakhapatnam,2020-03-15,97.0,1,0.21180934228033854,False
Visakhapatnam,2020-03-16,103.0,1,0.2174237701986957,False
Visakhapatnam,2020-03-17,104.0,1,0.2092303709013777,False
Visakhapatnam,2020-03-18,105.0,1,0.20802272906228914,False
Visakhapatnam,2020-03-19,134.0,1,0.1911287541430175,False
Visakhapatnam,2020-03-20,91.0,1,0.20304104497520725,False
Visakhapatnam,2020-03-21,66.0,1,0.1915184139260016,False
Visakhapatnam,2020-03-22,62.0,1,0.19709085190156178,False
Visakhapatnam,2020-03-23,72.0,1,0.17767520019309363,False
Visakhapatnam,2020-03-24,98.0,1,0.22099415553091423,False
Visakhapatnam,2020-03-25,123.0,1,0.19772761017043894,False
Visakhapatnam,2020-03-26,69.0,1,0.1806239543812022,False
Visakhapatnam,2020-03-27,91.0,1,0.15649720684774387,False
Visakhapatnam,2020-03-28,90.0,1,0.1576317665717144,False
Visakhapatnam,2020-03-29,86.0,1,0.1365584978556802,False
Visakhapatnam,2020-03-30,69.0,1,0.11613850094777284,False
Visakhapatnam,2020-03-31,84.0,1,0.12077656995390906,False
Visakhapatnam,2020-04-01,64.0,1,0.15129140869165153,False
Visakhapatnam,2020-04-02,73.0,1,0.13599181753230655,False
Visakhapatnam,2020-04-03,68.0,1,0.14680681389521105,False
Visakhapatnam,2020-04-04,71.0,1,0.13661500480590172,False
Visakhapatnam,2020-04-05,54.0,1,0.11449931850198403,False
Visakhapatnam,2020-04-06,51.0,1,0.09419084125245936,False
Visakhapatnam,2020-04-07,46.0,1,0.09932781125247869,False
Visakhapatnam,2020-04-08,37.0,1,0.06337146640989766,False
Visakhapatnam,2020-04-09,49.0,1,0.11779339140000966,False
Visakhapatnam,2020-04-10,69.0,1,0.1453781221845164,False
Visakhapatnam,2020-04-11,51.0,1,0.10149429185624165,False
Visakhapatnam,2020-04-12,43.0,1,0.10562306372017616,False
Visakhapatnam,2020-04-13,55.0,1,0.13077583822677047,False
Visakhapatnam,2020-04-14,68.0,1,0.13748273778370612,False
Visakhapatnam,2020-04-15,66.0,1,0.1345234656096574,False
Visakhapatnam,2020-04-16,76.0,1,0.1538353955851517,False
Visakhapatnam,2020-04-17,74.0,1,0.12758014098464399,False
Visakhapatnam,2020-04-18,59.0,1,0.10332415378222015,False
Visakhapatnam,2020-04-19,55.0,1,0.11802695861497509,False
Visakhapatnam,2020-04-20,47.0,1,0.08086266532637398,False
Visakhapatnam,2020-04-21,48.0,1,0.08716912611175431,False
Visakhapatnam,2020-04-22,37.0,1,0.07489974514170283,False
Visakhapatnam,2020-04-23,36.0,1,0.0702387070967494,False
Visakhapatnam,2020-04-26,,1,0.08559288725753256,False
Visakhapatnam,2020-04-27,31.0,1,0.07979748005621856,False
Visakhapatnam,2020-04-28,47.0,1,0.09351179433396228,False
Visakhapatnam,2020-04-29,49.0,1,0.09687152304352009,False
Visakhapatnam,2020-04-30,61.0,1,0.1187780572085837,False
Visakhapatnam,2020-05-01,56.0,1,0.10722839316564575,False
Visakhapatnam,2020-05-02,62.0,1,0.13406916122079165,False
Visakhapatnam,2020-05-03,90.0,1,0.13767857375726122,False
Visakhapatnam,2020-05-04,65.0,1,0.12519631267371095,False
Visakhapatnam,2020-05-05,55.0,1,0.0861387455698922,False
Visakhapatnam,2020-05-06,41.0,1,0.0867058645418115,False
Visakhapatnam,2020-05-07,51.0,1,0.10932189509485957,False
Visakhapatnam,2020-05-08,48.0,1,0.10391368686124586,False
Visakhapatnam,2020-05-09,51.0,1,0.07261596192018027,False
Visakhapatnam,2020-05-10,46.0,1,0.11189639509973154,False
Visakhapatnam,2020-05-11,61.0,1,0.09947970732326294,False
Visakhapatnam,2020-05-12,45.0,1,0.0707468124349836,False
Visakhapatnam,2020-05-13,49.0,1,0.08772982593913481,False
Visakhapatnam,2020-05-14,50.0,1,0.09011838827611351,False
Visakhapatnam,2020-05-15,44.0,1,0.08162381922277595,False
Visakhapatnam,2020-05-16,32.0,1,0.03794682821056872,False
Visakhapatnam,2020-05-17,23.0,1,0.04405415993331552,False
Visakhapatnam,2020-05-18,26.0,1,0.08296146801000115,False
Visakhapatnam,2020-05-19,52.0,1,0.1403053738979841,False
Visakhapatnam,2020-05-20,141.0,1,0.07528607888400707,False
Visakhapatnam,2020-05-21,145.0,1,0.1251793686306738,False
Visakhapatnam,2020-05-22,117.0,1,0.14028927773028282,False
Visakhapatnam,2020-05-23,79.0,1,0.13458169236119755,False
Visakhapatnam,2020-05-24,80.0,1,0.12807480046064512,False
Visakhapatnam,2020-05-25,74.0,1,0.13612317859150574,False
Visakhapatnam,2020-05-26,67.0,1,0.12710254983110836,False
Visakhapatnam,2020-05-27,54.0,1,0.1658096443703534,False
Visakhapatnam,2020-05-28,100.0,1,0.20411704470237496,False
Visakhapatnam,2020-05-29,87.0,1,0.18902696202708674,False
Visakhapatnam,2020-05-30,81.0,1,0.19215797816218394,False
Visakhapatnam,2020-05-31,40.0,1,0.1641799193916179,False
Visakhapatnam,2020-06-01,85.0,1,0.18007862371062544,False
Visakhapatnam,2020-06-02,50.0,1,0.14143027229322297,False
Visakhapatnam,2020-06-03,88.0,1,0.18849157093251906,False
Visakhapatnam,2020-06-04,71.0,1,0.19480656819441305,False
Visakhapatnam,2020-06-05,93.0,1,0.22038220060952984,False
Visakhapatnam,2020-06-06,101.0,1,0.20176908317304681,False
Visakhapatnam,2020-06-07,82.0,1,0.20179169522802226,False
Visakhapatnam,2020-06-08,115.0,1,0.2032344281042977,False
Visakhapatnam,2020-06-09,96.0,1,0.19333070899641253,False
Visakhapatnam,2020-06-10,92.0,1,0.2061124159949676,False
Visakhapatnam,2020-06-11,90.0,1,0.19362218482832766,False
Visakhapatnam,2020-06-12,84.0,1,0.17809945254690418,False
Visakhapatnam,2020-06-13,81.0,1,0.20961255997518807,False
Visakhapatnam,2020-06-14,88.0,1,0.2058047519031005,False
Visakhapatnam,2020-06-15,92.0,1,0.21096147056438752,False
Visakhapatnam,2020-06-16,83.0,1,0.20365073644934711,False
Visakhapatnam,2020-06-17,90.0,1,0.197846767093324,False
Visakhapatnam,2020-06-18,71.0,1,0.1935112522883502,False
Visakhapatnam,2020-06-19,110.0,1,0.1809523992254382,False
Visakhapatnam,2020-06-20,74.0,1,0.20300506411883978,False
Visakhapatnam,2020-06-21,92.0,1,0.21517565797055382,False
Visakhapatnam,2020-06-22,95.0,1,0.21859045427817714,False
Visakhapatnam,2020-06-23,100.0,1,0.20617822580564032,False
Visakhapatnam,2020-06-24,86.0,1,0.214195170100343,False
Visakhapatnam,2020-06-25,77.0,1,0.16422042356134492,False
Visakhapatnam,2020-06-26,47.0,1,0.12945471213830745,False
Visakhapatnam,2020-06-27,41.0,1,0.1508663937558557,False
Visakhapatnam,2020-06-28,70.0,1,0.19999200779904436,False
Visakhapatnam,2020-06-29,68.0,1,0.1910456078570139,False
Visakhapatnam,2020-06-30,54.0,1,0.17421402222665733,False
